Workbook

Sheet check
A1: Maximum 20 bars per side
A2: Column P-M Calculation | AQ2: theta | AR2: Mn | AS2: Pn | AT2: fiMn_max | AU2: fiPn_max
B3: Column X-dir size B = | C3: 50 | D3: cm | AQ3: 90 | AR3: 0 | AS3: 1686.1 | AT3: 0 | AU3: 876.8
B4: Column Y-dir size D = | C4: 40 | D4: cm | F4: A= | G4: =C3*C4 -> 2000 | H4: cm^2 | S4: 鋼筋 | AQ4: 90 | AR4: 0 | AS4: 1686.1 | AT4: 0 | AU4: 876.8
B5: Concrete strength f'c = | C5: 280 | D5: kgf/cm^2 | F5: β1= | G5: =IF(IF(C5>280,0.85-0.05*(C5-280)/70,0.85)<0.65,0.65,IF(C5>280,0.85-0.05*(C5-280)/70,0.85)) -> 0.85 | S5: 號數 | T5: 面積 | U5: 直徑(cm) | AQ5: 90 | AR5: 0 | AS5: 1686.1 | AT5: 0 | AU5: 876.8
B6: Bars parallel to width (X-dir) | C6: 4 | D6: (horizontal in analysis fig) | F6: Spaces | G6: =C6-1 -> 3 | H6: Bar spacing | I6: =(C3-C11*2)/G6 -> 12.666667 | J6: cm | S6: 3 | T6: 0.71 | U6: 0.953 | AQ6: 90 | AR6: 0.4 | AS6: 1684.6 | AT6: 0.2 | AU6: 876.8
B7: Bars parallel to depth (Y-dir) | C7: 4 | D7: (vertical in analysis fig) | F7: Spaces | G7: =C7-1 -> 3 | H7: Bar spacing | I7: =(C4-C11*2)/G7 -> 9.3333333 | J7: cm | S7: 4 | T7: 1.27 | U7: 1.27 | AQ7: 90 | AR7: 2.8 | AS7: 1673.3 | AT7: 1.5 | AU7: 876.8
B8: Total number of bars | C8: =bar!C1 -> 12 | D8: See rebar layout figure | S8: 5 | T8: 1.98 | U8: 15.9 | AQ8: 90 | AR8: 5.4 | AS8: 1660 | AT8: 2.9 | AU8: 876.8
B9: As= | C9: =bar!F1 -> 34.2 | D9: cm^2 | F9: Steel ratio ρ = | G9: =C9/G4 -> 0.0171 | S9: 6 | T9: 2.85 | U9: 1.91 | AQ9: 90 | AR9: 8 | AS9: 1646.3 | AT9: 4.3 | AU9: 876.8
B10: Yield strength fy = | C10: 4200 | D10: kgf/cm^2 | F10: α= | G10: =IF(C12=1,0.85,0.8) -> 0.8 | S10: 7 | T10: 3.87 | U10: 2.22 | AQ10: 90 | AR10: 10.6 | AS10: 1632 | AT10: 5.7 | AU10: 876.8
B11: Cover to bar centroid d' = | C11: 6 | D11: cm | F11: εy= | G11: =C10/2040000 -> 0.0020588235 | S11: 8 | T11: 5.07 | U11: 2.54 | AQ11: 90 | AR11: 13.1 | AS11: 1617.3 | AT11: 7.1 | AU11: 876.8
B12: Spiral=1, Tie=2 | C12: 2 | S12: 9 | T12: 6.45 | U12: 2.87 | AQ12: 90 | AR12: 15.5 | AS12: 1602.6 | AT12: 8.5 | AU12: 876.8
B13: Seismic angle θ = | C13: 0 | D13: ° (clockwise positive) | F13: Radians = | G13: =C13/180*PI() -> 0 | AQ13: 90 | AR13: 18 | AS13: 1587.9 | AT13: 9.9 | AU13: 876.8
B14: Demand axial Pu = | C14: 10 | D14: tf/column | F14: εmax= | G14: 0.005 | S14: 10 | T14: 8.17 | U14: 3.22 | AQ14: 90 | AR14: 20.5 | AS14: 1573.1 | AT14: 11.4 | AU14: 876.8
B15: Demand moment Mu = | C15: 10 | D15: tf-m/column | F15: εc= | G15: 0.003 | S15: 11 | T15: 10.01 | U15: 3.58 | AQ15: 90 | AR15: 23 | AS15: 1558.4 | AT15: 12.9 | AU15: 876.8
AQ16: 90 | AR16: 25.5 | AS16: 1543.7 | AT16: 14.5 | AU16: 876.8
AQ17: 90 | AR17: 27.9 | AS17: 1529 | AT17: 16 | AU17: 876.8
AQ18: 90 | AR18: 30.4 | AS18: 1514.3 | AT18: 17.6 | AU18: 876.8
AQ19: 90 | AR19: 32.9 | AS19: 1499.6 | AT19: 19.2 | AU19: 876.8
B20: Check result: | C20: Moment check | D20: =IF(M22<0,"NG!!!!","OK") -> OK | AQ20: 90 | AR20: 35.2 | AS20: 1484 | AT20: 20.8 | AU20: 876.8
A21: RC Column P-M Calculation | Y21: FIBER | AI21: FIBER | AQ21: 90 | AR21: 45.7 | AS21: 1439.5 | AT21: 27.9 | AU21: 876.8
B22: rebar | G22: 分析值斜率 | H22: =C14/C15 -> 1 | K22: 分析值均方和 | L22: =(C15^2+C14^2)^0.5 -> 14.142136 | M22: =SIGN(MAX(M24:M34)-L22) -> 1 | S22: Curve #1 0 deg | Y22: Curve #1 0 deg | AD22: Curve #1 0 deg | AI22: Curve #1 0 deg | AQ22: 90 | AR22: 64.8 | AS22: 1360.8 | AT22: 41.8 | AU22: 876.8
B23: no | C23: M | D23: P | E23: ψ | F23: ψMn | G23: ψPn | H23: m | I23: a | J23: mm | K23: pp | N23: ψPn | O23: ψMnx | P23: ψMny | S23: Point | T23: P tonf | U23: M2 tonf-m | V23: M3 tonf-m | Y23: Point | Z23: P tonf | AA23: M2 tonf-m | AB23: M3 tonf-m | AD23: Point | AE23: P tonf | AF23: M2 tonf-m | AG23: M3 tonf-m | AI23: Point | AJ23: P tonf | AK23: M2 tonf-m | AL23: M3 tonf-m | AQ23: 90 | AR23: 77.9 | AS23: 1299 | AT23: 50.6 | AU23: 844.4
B24: 0 | C24: =INDIRECT("R"&B24&"!B97") -> 8.8817842e-16 | D24: =INDIRECT("R"&B24&"!C97") -> 611.5004 | E24: =INDIRECT("R"&B24&"!D97") -> 0.65 | F24: =C24*$E24 -> 5.7731597e-16 | G24: =G25 -> 317.98021 | H24: =IFERROR(SLOPE(G24:G25,F24:F25),0) -> 0 | I24: =IFERROR(INTERCEPT(G24:G25,F24:F25),0) -> 317.98021 | J24: =IF(H24=0,0,-1*I24/(H24-$H$22)) -> 0 | K24: =H24*J24+I24 -> 317.98021 | L24: =IF(AND(J24>MIN(F24,F25),J24<MAX(F24,F25)),J24,0) -> 0 | M24: =IF(L24=0,IF(SUM(L24:L34)=0,(L24^2+K24^2)^0.5,0),0) -> 317.98021 | N24: =G24 -> 317.98021 | O24: =COS(G$13)*F24 -> 5.7731597e-16 | P24: =SIN(G$13)*F24 -> 0 | S24: 1 | T24: =AE24 -> 2836.9324 | U24: 0 | V24: =(AF24^2+AG24^2)^0.5 -> 0 | Y24: 1 | Z24: =AJ24 -> 5455.6393 | AA24: 0 | AB24: =(AK24^2+AL24^2)^0.5 -> 0 | AD24: 1 | AE24: 2836.9324 | AF24: 0 | AG24: 0 | AI24: 1 | AJ24: 5455.6393 | AK24: 0 | AL24: 0 | AQ24: 90 | AR24: 90.9 | AS24: 1231.7 | AT24: 59.1 | AU24: 800.6
B25: 0 | C25: =C24 -> 8.8817842e-16 | D25: =D24 -> 611.5004 | E25: =E24 -> 0.65 | F25: =(F26-F24)*(G25-D24*E24)/(G26-D24*E24) -> 14.125174 | G25: =G10*D25*E25 -> 317.98021 | H25: =IFERROR(SLOPE(G25:G26,F25:F26),0) -> -5.6278991 | I25: =IFERROR(INTERCEPT(G25:G26,F25:F26),0) -> 397.47526 | J25: =-1*I25/(H25-$H$22) -> 59.970023 | K25: =H25*J25+I25 -> 59.970023 | L25: =IF(AND(J25>MIN(F25,F26),J25<MAX(F25,F26)),J25,0) -> 0 | M25: =IF(L25=0,0,(L25^2+K25^2)^0.5) -> 0 | N25: =G25 -> 317.98021 | O25: =COS(G$13)*F25 -> 14.125174 | P25: =SIN(G$13)*F25 -> 0 | S25: 2 | T25: =AE25 -> 2782.772 | U25: 0 | V25: =(AF25^2+AG25^2)^0.5 -> 221.21285 | Y25: 2 | Z25: =AJ25 -> 3685.8443 | AA25: 0 | AB25: =(AK25^2+AL25^2)^0.5 -> 584.31269 | AD25: 2 | AE25: 2782.772 | AF25: 198.1945 | AG25: 98.2551 | AI25: 2 | AJ25: 3685.8443 | AK25: 537.729 | AL25: 228.6238 | AQ25: 90 | AR25: 101.5 | AS25: 1170.1 | AT25: 66 | AU25: 760.5
B26: 1 | C26: =INDIRECT("R"&B26&"!B97") -> 30.159454 | D26: =INDIRECT("R"&B26&"!C97") -> 441.76604 | E26: =INDIRECT("R"&B26&"!D97") -> 0.65 | F26: =C26*$E26 -> 19.603645 | G26: =IF(D26*$E26>G25,G25,D26*$E26) -> 287.14792 | H26: =IFERROR(SLOPE(G26:G27,F26:F27),0) -> -7.7001909 | I26: =IFERROR(INTERCEPT(G26:G27,F26:F27),0) -> 438.09973 | J26: =-1*I26/(H26-$H$22) -> 50.355186 | K26: =H26*J26+I26 -> 50.355186 | L26: =IF(AND(J26>MIN(F26,F27),J26<MAX(F26,F27)),J26,0) -> 0 | M26: =IF(L26=0,0,(L26^2+K26^2)^0.5) -> 0 | N26: =G26 -> 287.14792 | O26: =COS(G$13)*F26 -> 19.603645 | P26: =SIN(G$13)*F26 -> 0 | S26: 3 | T26: =AE26 -> 2452.1727 | U26: 0 | V26: =(AF26^2+AG26^2)^0.5 -> 334.69322 | Y26: 3 | Z26: =AJ26 -> 3144.1805 | AA26: 0 | AB26: =(AK26^2+AL26^2)^0.5 -> 695.34194 | AD26: 3 | AE26: 2452.1727 | AF26: 300.1362 | AG26: 148.1142 | AI26: 3 | AJ26: 3144.1805 | AK26: 645.9697 | AL26: 257.3394 | AQ26: 90 | AR26: 110.2 | AS26: 1114.2 | AT26: 71.6 | AU26: 724.2
B27: 2 | C27: =INDIRECT("R"&B27&"!B97") -> 30.498931 | D27: =INDIRECT("R"&B27&"!C97") -> 439.152 | E27: =INDIRECT("R"&B27&"!D97") -> 0.65 | F27: =C27*$E27 -> 19.824305 | G27: =IF(D27*$E27>G26,G26,D27*$E27) -> 285.4488 | H27: =IFERROR(SLOPE(G27:G28,F27:F28),0) -> -8.2705698 | I27: =IFERROR(INTERCEPT(G27:G28,F27:F28),0) -> 449.4071 | J27: =-1*I27/(H27-$H$22) -> 48.47675 | K27: =H27*J27+I27 -> 48.47675 | L27: =IF(AND(J27>MIN(F27,F28),J27<MAX(F27,F28)),J27,0) -> 0 | M27: =IF(L27=0,0,(L27^2+K27^2)^0.5) -> 0 | N27: =G27 -> 285.4488 | O27: =COS(G$13)*F27 -> 19.824305 | P27: =SIN(G$13)*F27 -> 0 | S27: 4 | T27: =AE27 -> 1971.6744 | U27: 0 | V27: =(AF27^2+AG27^2)^0.5 -> 451.02977 | Y27: 4 | Z27: =AJ27 -> 2541.7722 | AA27: 0 | AB27: =(AK27^2+AL27^2)^0.5 -> 785.44711 | AD27: 4 | AE27: 1971.6744 | AF27: 419.5988 | AG27: 165.4228 | AI27: 4 | AJ27: 2541.7722 | AK27: 739.7663 | AL27: 263.9564 | AQ27: 90 | AR27: 117.7 | AS27: 1061.1 | AT27: 76.5 | AU27: 689.7
B28: 3 | C28: =INDIRECT("R"&B28&"!B97") -> 33.70582 | D28: =INDIRECT("R"&B28&"!C97") -> 412.6292 | E28: =INDIRECT("R"&B28&"!D97") -> 0.65 | F28: =C28*$E28 -> 21.908783 | G28: =IF(D28*$E28>G27,G27,D28*$E28) -> 268.20898 | H28: =IFERROR(SLOPE(G28:G29,F28:F29),0) -> -9.4927201 | I28: =IFERROR(INTERCEPT(G28:G29,F28:F29),0) -> 476.18292 | J28: =-1*I28/(H28-$H$22) -> 45.382219 | K28: =H28*J28+I28 -> 45.382219 | L28: =IF(AND(J28>MIN(F28,F29),J28<MAX(F28,F29)),J28,0) -> 0 | M28: =IF(L28=0,0,(L28^2+K28^2)^0.5) -> 0 | N28: =G28 -> 268.20898 | O28: =COS(G$13)*F28 -> 21.908783 | P28: =SIN(G$13)*F28 -> 0 | S28: 5 | T28: =AE28 -> 1405.6579 | U28: 0 | V28: =(AF28^2+AG28^2)^0.5 -> 541.13569 | Y28: 5 | Z28: =AJ28 -> 1830.6063 | AA28: 0 | AB28: =(AK28^2+AL28^2)^0.5 -> 863.49154 | AD28: 5 | AE28: 1405.6579 | AF28: 507.8535 | AG28: 186.8493 | AI28: 5 | AJ28: 1830.6063 | AK28: 802.1481 | AL28: 319.6499 | AQ28: 90 | AR28: 122.8 | AS28: 1021.4 | AT28: 79.8 | AU28: 663.9
B29: 4 | C29: =INDIRECT("R"&B29&"!B97") -> 36.582698 | D29: =INDIRECT("R"&B29&"!C97") -> 385.3198 | E29: =INDIRECT("R"&B29&"!D97") -> 0.65 | F29: =C29*$E29 -> 23.778754 | G29: =IF(D29*$E29>G28,G28,D29*$E29) -> 250.45787 | H29: =IFERROR(SLOPE(G29:G30,F29:F30),0) -> -11.007032 | I29: =IFERROR(INTERCEPT(G29:G30,F29:F30),0) -> 512.19137 | J29: =-1*I29/(H29-$H$22) -> 42.657617 | K29: =H29*J29+I29 -> 42.657617 | L29: =IF(AND(J29>MIN(F29,F30),J29<MAX(F29,F30)),J29,0) -> 0 | M29: =IF(L29=0,0,(L29^2+K29^2)^0.5) -> 0 | N29: =G29 -> 250.45787 | O29: =COS(G$13)*F29 -> 23.778754 | P29: =SIN(G$13)*F29 -> 0 | S29: 6 | T29: =AE29 -> 698.0935 | U29: 0 | V29: =(AF29^2+AG29^2)^0.5 -> 615.86765 | Y29: 6 | Z29: =AJ29 -> 994.7321 | AA29: 0 | AB29: =(AK29^2+AL29^2)^0.5 -> 926.3807 | AD29: 6 | AE29: 698.0935 | AF29: 575.618 | AG29: 218.9906 | AI29: 6 | AJ29: 994.7321 | AK29: 863.5252 | AL29: 335.4183 | AQ29: 90 | AR29: 128.4 | AS29: 974.1 | AT29: 83.5 | AU29: 633.2
B30: 5 | C30: =INDIRECT("R"&B30&"!B97") -> 39.149541 | D30: =INDIRECT("R"&B30&"!C97") -> 357.06648 | E30: =INDIRECT("R"&B30&"!D97") -> 0.65 | F30: =C30*$E30 -> 25.447201 | G30: =IF(D30*$E30>G29,G29,D30*$E30) -> 232.09321 | H30: =IFERROR(SLOPE(G30:G31,F30:F31),0) -> -11.588718 | I30: =IFERROR(INTERCEPT(G30:G31,F30:F31),0) -> 526.99366 | J30: =-1*I30/(H30-$H$22) -> 41.862376 | K30: =H30*J30+I30 -> 41.862376 | L30: =IF(AND(J30>MIN(F30,F31),J30<MAX(F30,F31)),J30,0) -> 0 | M30: =IF(L30=0,0,(L30^2+K30^2)^0.5) -> 0 | N30: =G30 -> 232.09321 | O30: =COS(G$13)*F30 -> 25.447201 | P30: =SIN(G$13)*F30 -> 0 | S30: 7 | T30: =AE30 -> 182.414 | U30: 0 | V30: =(AF30^2+AG30^2)^0.5 -> 726.34363 | Y30: 7 | Z30: =AJ30 -> 161.0403 | AA30: 0 | AB30: =(AK30^2+AL30^2)^0.5 -> 910.40671 | AD30: 7 | AE30: 182.414 | AF30: 680.9437 | AG30: 252.7662 | AI30: 7 | AJ30: 161.0403 | AK30: 849.8862 | AL30: 326.3952 | AQ30: 90 | AR30: 133.5 | AS30: 926.8 | AT30: 86.8 | AU30: 602.4
B31: 6 | C31: =INDIRECT("R"&B31&"!B97") -> 41.569386 | D31: =INDIRECT("R"&B31&"!C97") -> 329.02357 | E31: =INDIRECT("R"&B31&"!D97") -> 0.65 | F31: =C31*$E31 -> 27.020101 | G31: =IF(D31*$E31>G30,G30,D31*$E31) -> 213.86532 | H31: =IFERROR(SLOPE(G31:G32,F31:F32),0) -> -15.057751 | I31: =IFERROR(INTERCEPT(G31:G32,F31:F32),0) -> 620.72729 | J31: =-1*I31/(H31-$H$22) -> 38.655928 | K31: =H31*J31+I31 -> 38.655928 | L31: =IF(AND(J31>MIN(F31,F32),J31<MAX(F31,F32)),J31,0) -> 0 | M31: =IF(L31=0,0,(L31^2+K31^2)^0.5) -> 0 | N31: =G31 -> 213.86532 | O31: =COS(G$13)*F31 -> 27.020101 | P31: =SIN(G$13)*F31 -> 0 | S31: 8 | T31: =AE31 -> -453.1236 | U31: 0 | V31: =(AF31^2+AG31^2)^0.5 -> 719.53716 | Y31: 8 | Z31: =AJ31 -> -565.5307 | AA31: 0 | AB31: =(AK31^2+AL31^2)^0.5 -> 765.28859 | AD31: 8 | AE31: -453.1236 | AF31: 659.4343 | AG31: 287.8891 | AI31: 8 | AJ31: -565.5307 | AK31: 685.7834 | AL31: 339.6583 | AQ31: 90 | AR31: 137.7 | AS31: 885.1 | AT31: 89.5 | AU31: 575.3
B32: 7 | C32: =INDIRECT("R"&B32&"!B97") -> 43.615522 | D32: =INDIRECT("R"&B32&"!C97") -> 298.21337 | E32: =INDIRECT("R"&B32&"!D97") -> 0.65 | F32: =C32*$E32 -> 28.350089 | G32: =IF(D32*$E32>G31,G31,D32*$E32) -> 193.83869 | H32: =IFERROR(SLOPE(G32:G33,F32:F33),0) -> -17.701608 | I32: =IFERROR(INTERCEPT(G32:G33,F32:F33),0) -> 695.68085 | J32: =-1*I32/(H32-$H$22) -> 37.198986 | K32: =H32*J32+I32 -> 37.198986 | L32: =IF(AND(J32>MIN(F32,F33),J32<MAX(F32,F33)),J32,0) -> 0 | M32: =IF(L32=0,0,(L32^2+K32^2)^0.5) -> 0 | N32: =G32 -> 193.83869 | O32: =COS(G$13)*F32 -> 28.350089 | P32: =SIN(G$13)*F32 -> 0 | S32: 9 | T32: =AE32 -> -1127.5517 | U32: 0 | V32: =(AF32^2+AG32^2)^0.5 -> 510.42997 | Y32: 9 | Z32: =AJ32 -> -1349.5075 | AA32: 0 | AB32: =(AK32^2+AL32^2)^0.5 -> 507.8755 | AD32: 9 | AE32: -1127.5517 | AF32: 442.6745 | AG32: 254.1221 | AI32: 9 | AJ32: -1349.5075 | AK32: 440.29 | AL32: 253.1447 | AQ32: 90 | AR32: 141.6 | AS32: 843.5 | AT32: 92 | AU32: 548.3
B33: 8 | C33: =INDIRECT("R"&B33&"!B97") -> 45.455669 | D33: =INDIRECT("R"&B33&"!C97") -> 265.6398 | E33: =INDIRECT("R"&B33&"!D97") -> 0.65 | F33: =C33*$E33 -> 29.546185 | G33: =IF(D33*$E33>G32,G32,D33*$E33) -> 172.66587 | H33: =IFERROR(SLOPE(G33:G34,F33:F34),0) -> -20.538807 | I33: =IFERROR(INTERCEPT(G33:G34,F33:F34),0) -> 779.50927 | J33: =-1*I33/(H33-$H$22) -> 36.190921 | K33: =H33*J33+I33 -> 36.190921 | L33: =IF(AND(J33>MIN(F33,F34),J33<MAX(F33,F34)),J33,0) -> 0 | M33: =IF(L33=0,0,(L33^2+K33^2)^0.5) -> 0 | N33: =G33 -> 172.66587 | O33: =COS(G$13)*F33 -> 29.546185 | P33: =SIN(G$13)*F33 -> 0 | S33: 10 | T33: =AE33 -> -1878.6272 | U33: 0 | V33: =(AF33^2+AG33^2)^0.5 -> 207.70351 | Y33: 10 | Z33: =AJ33 -> -2140.3996 | AA33: 0 | AB33: =(AK33^2+AL33^2)^0.5 -> 194.31122 | AD33: 10 | AE33: -1878.6272 | AF33: 145.4742 | AG33: 148.2498 | AI33: 10 | AJ33: -2140.3996 | AK33: 137.0151 | AL33: 137.7814 | AQ33: 90 | AR33: 144.9 | AS33: 804.7 | AT33: 94.2 | AU33: 523.1
B34: 9 | C34: =INDIRECT("R"&B34&"!B97") -> 47.150892 | D34: =INDIRECT("R"&B34&"!C97") -> 230.82195 | E34: =INDIRECT("R"&B34&"!D97") -> 0.65 | F34: =C34*$E34 -> 30.64808 | G34: =IF(D34*$E34>G33,G33,D34*$E34) -> 150.03426 | H34: =IFERROR(SLOPE(G34:G35,F34:F35),0) -> -13.390507 | I34: =IFERROR(INTERCEPT(G34:G35,F34:F35),0) -> 560.42761 | J34: =-1*I34/(H34-$H$22) -> 38.944256 | K34: =H34*J34+I34 -> 38.944256 | L34: =IF(AND(J34>MIN(F34,F35),J34<MAX(F34,F35)),J34,0) -> 0 | M34: =IF(L34=0,0,(L34^2+K34^2)^0.5) -> 0 | N34: =G34 -> 150.03426 | O34: =COS(G$13)*F34 -> 30.64808 | P34: =SIN(G$13)*F34 -> 0 | S34: 11 | T34: =AE34 -> -2219.8176 | U34: 0 | V34: =(AF34^2+AG34^2)^0.5 -> 0 | Y34: 11 | Z34: =AJ34 -> -2466.464 | AA34: 0 | AB34: =(AK34^2+AL34^2)^0.5 -> 0 | AD34: 11 | AE34: -2219.8176 | AF34: 0 | AG34: 0 | AI34: 11 | AJ34: -2466.464 | AK34: 0 | AL34: 0 | AQ34: 90 | AR34: 148 | AS34: 766 | AT34: 96.2 | AU34: 497.9
B35: 10 | C35: =INDIRECT("R"&B35&"!B97") -> 47.80938 | D35: =INDIRECT("R"&B35&"!C97") -> 198.2302 | E35: =INDIRECT("R"&B35&"!D97") -> 0.66843137 | F35: =C35*$E35 -> 31.95729 | G35: =IF(D35*$E35>G34,G34,D35*$E35) -> 132.50328 | H35: =IFERROR(SLOPE(G35:G36,F35:F36),0) -> -6.1164762 | I35: =IFERROR(INTERCEPT(G35:G36,F35:F36),0) -> 327.96928 | J35: =-1*I35/(H35-$H$22) -> 46.085911 | K35: =H35*J35+I35 -> 46.085911 | L35: =IF(AND(J35>MIN(F35,F36),J35<MAX(F35,F36)),J35,0) -> 0 | M35: =IF(L35=0,0,(L35^2+K35^2)^0.5) -> 0 | N35: =G35 -> 132.50328 | O35: =COS(G$13)*F35 -> 31.95729 | P35: =SIN(G$13)*F35 -> 0 | AQ35: 90 | AR35: 150.8 | AS35: 730.1 | AT35: 98 | AU35: 474.5
B36: 11 | C36: =INDIRECT("R"&B36&"!B97") -> 46.916946 | D36: =INDIRECT("R"&B36&"!C97") -> 170.2482 | E36: =INDIRECT("R"&B36&"!D97") -> 0.71732026 | F36: =C36*$E36 -> 33.654476 | G36: =IF(D36*$E36>G35,G35,D36*$E36) -> 122.12248 | H36: =IFERROR(SLOPE(G36:G37,F36:F37),0) -> -5.8099654 | I36: =IFERROR(INTERCEPT(G36:G37,F36:F37),0) -> 317.65383 | J36: =-1*I36/(H36-$H$22) -> 46.645439 | K36: =H36*J36+I36 -> 46.645439 | L36: =IF(AND(J36>MIN(F36,F37),J36<MAX(F36,F37)),J36,0) -> 0 | M36: =IF(L36=0,0,(L36^2+K36^2)^0.5) -> 0 | N36: =G36 -> 122.12248 | O36: =COS(G$13)*F36 -> 33.654476 | P36: =SIN(G$13)*F36 -> 0 | AQ36: 90 | AR36: 153.3 | AS36: 694.2 | AT36: 99.6 | AU36: 451.2
B37: 12 | C37: =INDIRECT("R"&B37&"!B97") -> 45.849558 | D37: =INDIRECT("R"&B37&"!C97") -> 141.6848 | E37: =INDIRECT("R"&B37&"!D97") -> 0.77843137 | F37: =C37*$E37 -> 35.690734 | G37: =IF(D37*$E37>G36,G36,D37*$E37) -> 110.29189 | H37: =IFERROR(SLOPE(G37:G38,F37:F38),0) -> -9.4010885 | I37: =IFERROR(INTERCEPT(G37:G38,F37:F38),0) -> 445.82364 | J37: =-1*I37/(H37-$H$22) -> 42.863172 | K37: =H37*J37+I37 -> 42.863172 | L37: =IF(AND(J37>MIN(F37,F38),J37<MAX(F37,F38)),J37,0) -> 0 | M37: =IF(L37=0,0,(L37^2+K37^2)^0.5) -> 0 | N37: =G37 -> 110.29189 | O37: =COS(G$13)*F37 -> 35.690734 | P37: =SIN(G$13)*F37 -> 0 | AQ37: 90 | AR37: 155.6 | AS37: 661.1 | AT37: 101.2 | AU37: 429.7
B38: 13 | C38: =INDIRECT("R"&B38&"!B97") -> 43.570896 | D38: =INDIRECT("R"&B38&"!C97") -> 110.59874 | E38: =INDIRECT("R"&B38&"!D97") -> 0.8570028 | F38: =C38*$E38 -> 37.34038 | G38: =IF(D38*$E38>G37,G37,D38*$E38) -> 94.783432 | H38: =IFERROR(SLOPE(G38:G39,F38:F39),0) -> 18.471446 | I38: =IFERROR(INTERCEPT(G38:G39,F38:F39),0) -> -594.94738 | J38: =-1*I38/(H38-$H$22) -> 34.052555 | K38: =H38*J38+I38 -> 34.052555 | L38: =IF(AND(J38>MIN(F38,F39),J38<MAX(F38,F39)),J38,0) -> 0 | M38: =IF(L38=0,0,(L38^2+K38^2)^0.5) -> 0 | N38: =G38 -> 94.783432 | O38: =COS(G$13)*F38 -> 37.34038 | P38: =SIN(G$13)*F38 -> 0 | AQ38: 90 | AR38: 157.8 | AS38: 630.5 | AT38: 102.6 | AU38: 409.8
B39: 14 | C39: =INDIRECT("R"&B39&"!B97") -> 40.128588 | D39: =INDIRECT("R"&B39&"!C97") -> 80.1804 | E39: =INDIRECT("R"&B39&"!D97") -> 0.9 | F39: =C39*$E39 -> 36.115729 | G39: =IF(D39*$E39>G38,G38,D39*$E39) -> 72.16236 | H39: =IFERROR(SLOPE(G39:G40,F39:F40),0) -> 7.9619873 | I39: =IFERROR(INTERCEPT(G39:G40,F39:F40),0) -> -215.39061 | J39: =-1*I39/(H39-$H$22) -> 30.938093 | K39: =H39*J39+I39 -> 30.938093 | L39: =IF(AND(J39>MIN(F39,F40),J39<MAX(F39,F40)),J39,0) -> 0 | M39: =IF(L39=0,0,(L39^2+K39^2)^0.5) -> 0 | N39: =G39 -> 72.16236 | O39: =COS(G$13)*F39 -> 36.115729 | P39: =SIN(G$13)*F39 -> 0 | AQ39: 90 | AR39: 159.8 | AS39: 597.4 | AT39: 103.9 | AU39: 388.3
B40: 15 | C40: =INDIRECT("R"&B40&"!B97") -> 35.796292 | D40: =INDIRECT("R"&B40&"!C97") -> 45.68672 | E40: =INDIRECT("R"&B40&"!D97") -> 0.9 | F40: =C40*$E40 -> 32.216663 | G40: =IF(D40*$E40>G39,G39,D40*$E40) -> 41.118048 | H40: =IFERROR(SLOPE(G40:G41,F40:F41),0) -> 6.835751 | I40: =IFERROR(INTERCEPT(G40:G41,F40:F41),0) -> -179.10704 | J40: =-1*I40/(H40-$H$22) -> 30.691343 | K40: =H40*J40+I40 -> 30.691343 | L40: =IF(AND(J40>MIN(F40,F41),J40<MAX(F40,F41)),J40,0) -> 30.691343 | M40: =IF(L40=0,0,(L40^2+K40^2)^0.5) -> 43.404114 | N40: =G40 -> 41.118048 | O40: =COS(G$13)*F40 -> 32.216663 | P40: =SIN(G$13)*F40 -> 0 | AQ40: 90 | AR40: 161.7 | AS40: 567.2 | AT40: 105.1 | AU40: 368.7
B41: 16 | C41: =INDIRECT("R"&B41&"!B97") -> 30.627479 | D41: =INDIRECT("R"&B41&"!C97") -> 10.354 | E41: =INDIRECT("R"&B41&"!D97") -> 0.9 | F41: =C41*$E41 -> 27.564731 | G41: =IF(D41*$E41>G40,G40,D41*$E41) -> 9.3186 | H41: =IFERROR(SLOPE(G41:G42,F41:F42),0) -> 5.4843764 | I41: =IFERROR(INTERCEPT(G41:G42,F41:F42),0) -> -141.85676 | J41: =-1*I41/(H41-$H$22) -> 31.633553 | K41: =H41*J41+I41 -> 31.633553 | L41: =IF(AND(J41>MIN(F41,F42),J41<MAX(F41,F42)),J41,0) -> 0 | M41: =IF(L41=0,0,(L41^2+K41^2)^0.5) -> 0 | N41: =G41 -> 9.3186 | O41: =COS(G$13)*F41 -> 27.564731 | P41: =SIN(G$13)*F41 -> 0 | AQ41: 90 | AR41: 163.6 | AS41: 537 | AT41: 106.3 | AU41: 349
B42: 17 | C42: =INDIRECT("R"&B42&"!B97") -> 24.394573 | D42: =INDIRECT("R"&B42&"!C97") -> -23.8296 | E42: =INDIRECT("R"&B42&"!D97") -> 0.9 | F42: =C42*$E42 -> 21.955116 | G42: =IF(D42*$E42>G41,G41,D42*$E42) -> -21.44664 | H42: =IFERROR(SLOPE(G42:G43,F42:F43),0) -> 5.2251539 | I42: =IFERROR(INTERCEPT(G42:G43,F42:F43),0) -> -136.1655 | J42: =-1*I42/(H42-$H$22) -> 32.227347 | K42: =H42*J42+I42 -> 32.227347 | L42: =IF(AND(J42>MIN(F42,F43),J42<MAX(F42,F43)),J42,0) -> 0 | M42: =IF(L42=0,0,(L42^2+K42^2)^0.5) -> 0 | N42: =G42 -> -21.44664 | O42: =COS(G$13)*F42 -> 21.955116 | P42: =SIN(G$13)*F42 -> 0 | AQ42: 90 | AR42: 165.3 | AS42: 506.8 | AT42: 107.4 | AU42: 329.4
B43: 18 | C43: =INDIRECT("R"&B43&"!B97") -> 15.701241 | D43: =INDIRECT("R"&B43&"!C97") -> -69.2536 | E43: =INDIRECT("R"&B43&"!D97") -> 0.9 | F43: =C43*$E43 -> 14.131117 | G43: =IF(D43*$E43>G42,G42,D43*$E43) -> -62.32824 | H43: =IFERROR(SLOPE(G43:G44,F43:F44),0) -> 4.9873812 | I43: =IFERROR(INTERCEPT(G43:G44,F43:F44),0) -> -132.80551 | J43: =-1*I43/(H43-$H$22) -> 33.306449 | K43: =H43*J43+I43 -> 33.306449 | L43: =IF(AND(J43>MIN(F43,F44),J43<MAX(F43,F44)),J43,0) -> 0 | M43: =IF(L43=0,0,(L43^2+K43^2)^0.5) -> 0 | N43: =G43 -> -62.32824 | O43: =COS(G$13)*F43 -> 14.131117 | P43: =SIN(G$13)*F43 -> 0 | AQ43: 90 | AR43: 167 | AS43: 479.4 | AT43: 108.6 | AU43: 311.6
B44: 19 | C44: =INDIRECT("R"&B44&"!B97") -> 4.8425562 | D44: =INDIRECT("R"&B44&"!C97") -> -123.41 | E44: =INDIRECT("R"&B44&"!D97") -> 0.9 | F44: =C44*$E44 -> 4.3583006 | G44: =IF(D44*$E44>G43,G43,D44*$E44) -> -111.069 | H44: =IFERROR(SLOPE(G44:G45,F44:F45),0) -> 4.1775457 | I44: =IFERROR(INTERCEPT(G44:G45,F44:F45),0) -> -129.276 | J44: =-1*I44/(H44-$H$22) -> 40.68423 | K44: =H44*J44+I44 -> 40.68423 | L44: =IF(AND(J44>MIN(F44,F45),J44<MAX(F44,F45)),J44,0) -> 0 | M44: =IF(L44=0,0,(L44^2+K44^2)^0.5) -> 0 | N44: =G44 -> -111.069 | O44: =COS(G$13)*F44 -> 4.3583006 | P44: =SIN(G$13)*F44 -> 0 | AQ44: 90 | AR44: 168.5 | AS44: 449.2 | AT44: 109.6 | AU44: 292
B45: 20 | C45: =INDIRECT("R"&B45&"!B97") -> -8.8817842e-16 | D45: =INDIRECT("R"&B45&"!C97") -> -143.64 | E45: =INDIRECT("R"&B45&"!D97") -> 0.9 | F45: =C45*$E45 -> -7.9936058e-16 | G45: =IF(D45*$E45>G44,G44,D45*$E45) -> -129.276 | N45: =G45 -> -129.276 | O45: =COS(G$13)*F45 -> -7.9936058e-16 | P45: =SIN(G$13)*F45 -> 0 | AQ45: 90 | AR45: 170.1 | AS45: 421.9 | AT45: 110.6 | AU45: 274.2
AQ46: 90 | AR46: 171.6 | AS46: 394.6 | AT46: 111.6 | AU46: 256.5
AQ47: 90 | AR47: 171.6 | AS47: 394.6 | AT47: 111.6 | AU47: 256.5
AQ48: 90 | AR48: 170.9 | AS48: 380 | AT48: 113.1 | AU48: 251.4
AQ49: 90 | AR49: 170 | AS49: 362.6 | AT49: 114.4 | AU49: 244
AQ50: 90 | AR50: 169.2 | AS50: 348 | AT50: 115.8 | AU50: 238.2
AQ51: 90 | AR51: 168.4 | AS51: 333.5 | AT51: 117.2 | AU51: 232
AQ52: 90 | AR52: 167.3 | AS52: 316.1 | AT52: 118.3 | AU52: 223.5
AQ53: 90 | AR53: 166.4 | AS53: 301.5 | AT53: 119.6 | AU53: 216.7
AQ54: 90 | AR54: 165.7 | AS54: 289.8 | AT54: 121 | AU54: 211.6
AQ55: 90 | AR55: 164.7 | AS55: 275.3 | AT55: 122.1 | AU55: 204.1
AQ56: 90 | AR56: 163.7 | AS56: 260.7 | AT56: 123.2 | AU56: 196.3
AQ57: 90 | AR57: 162.9 | AS57: 249 | AT57: 124.5 | AU57: 190.4
... AQ146: 90 | AR146: 0 | AS146: -567.8 | AT146: 0 | AU146: -511.1

Sheet rebarps
B1: B(X) | C1: 1 | D1: 2 | E1: 3 | F1: 4 | G1: 5 | H1: 6 | I1: 7 | J1: 8 | K1: 9 | L1: 10 | M1: 11 | N1: 12 | O1: 13 | P1: 14 | Q1: 15 | R1: 16 | S1: 17 | T1: 18 | U1: 19 | V1: 20
A2: D(Y) | C2: =IF(C$1>check!$C$6,0,check!$C$11+(rebarps!C$1-1)*check!$I$6) -> 6 | D2: =IF(D$1>check!$C$6,0,check!$C$11+(rebarps!D$1-1)*check!$I$6) -> 18.666667 | E2: =IF(E$1>check!$C$6,0,check!$C$11+(rebarps!E$1-1)*check!$I$6) -> 31.333333 | F2: =IF(F$1>check!$C$6,0,check!$C$11+(rebarps!F$1-1)*check!$I$6) -> 44 | G2: =IF(G$1>check!$C$6,0,check!$C$11+(rebarps!G$1-1)*check!$I$6) -> 0 | H2: =IF(H$1>check!$C$6,0,check!$C$11+(rebarps!H$1-1)*check!$I$6) -> 0 | I2: =IF(I$1>check!$C$6,0,check!$C$11+(rebarps!I$1-1)*check!$I$6) -> 0 | J2: =IF(J$1>check!$C$6,0,check!$C$11+(rebarps!J$1-1)*check!$I$6) -> 0 | ... V2: =IF(V$1>check!$C$6,0,check!$C$11+(rebarps!V$1-1)*check!$I$6) -> 0
A3: 1 | B3: =IF($A3>check!$C$7,0,check!$C$11+(rebarps!$A3-1)*check!$I$7) -> 6 | C3: 6 | D3: 6 | E3: 6 | F3: 6
A4: 2 | B4: =IF($A4>check!$C$7,0,check!$C$11+(rebarps!$A4-1)*check!$I$7) -> 15.333333 | C4: 6 | F4: 6
A5: 3 | B5: =IF($A5>check!$C$7,0,check!$C$11+(rebarps!$A5-1)*check!$I$7) -> 24.666667 | C5: 6 | F5: 6
A6: 4 | B6: =IF($A6>check!$C$7,0,check!$C$11+(rebarps!$A6-1)*check!$I$7) -> 34 | C6: 6 | D6: 6 | E6: 6 | F6: 6
A7: 5 | B7: =IF($A7>check!$C$7,0,check!$C$11+(rebarps!$A7-1)*check!$I$7) -> 0
A8: 6 | B8: =IF($A8>check!$C$7,0,check!$C$11+(rebarps!$A8-1)*check!$I$7) -> 0
A9: 7 | B9: =IF($A9>check!$C$7,0,check!$C$11+(rebarps!$A9-1)*check!$I$7) -> 0
A10: 8 | B10: =IF($A10>check!$C$7,0,check!$C$11+(rebarps!$A10-1)*check!$I$7) -> 0
A11: 9 | B11: =IF($A11>check!$C$7,0,check!$C$11+(rebarps!$A11-1)*check!$I$7) -> 0
A12: 10 | B12: =IF($A12>check!$C$7,0,check!$C$11+(rebarps!$A12-1)*check!$I$7) -> 0
A13: 11 | B13: =IF($A13>check!$C$7,0,check!$C$11+(rebarps!$A13-1)*check!$I$7) -> 0
A14: 12 | B14: =IF($A14>check!$C$7,0,check!$C$11+(rebarps!$A14-1)*check!$I$7) -> 0
A15: 13 | B15: =IF($A15>check!$C$7,0,check!$C$11+(rebarps!$A15-1)*check!$I$7) -> 0
A16: 14 | B16: =IF($A16>check!$C$7,0,check!$C$11+(rebarps!$A16-1)*check!$I$7) -> 0
A17: 15 | B17: =IF($A17>check!$C$7,0,check!$C$11+(rebarps!$A17-1)*check!$I$7) -> 0
A18: 16 | B18: =IF($A18>check!$C$7,0,check!$C$11+(rebarps!$A18-1)*check!$I$7) -> 0
... A22: 20 | B22: =IF($A22>check!$C$7,0,check!$C$11+(rebarps!$A22-1)*check!$I$7) -> 0

Sheet rectangle
A1: 矩形作圖 | B1: 柱寬= | C1: =check!C3 -> 50 | D1: cm | E1: 柱深= | F1: =check!C4 -> 40 | G1: cm
A2: No | B2: x | C2: y
A3: 0 | B3: =R0!B15 -> -25 | C3: =R0!C15 -> 20
A4: 1 | B4: =R0!B16 -> 25 | C4: =R0!C16 -> 20
A5: 2 | B5: =R0!B17 -> 25 | C5: =R0!C17 -> -20
A6: 3 | B6: =R0!B18 -> -25 | C6: =R0!C18 -> -20
A7: 4 | B7: =B3 -> -25 | C7: =C3 -> 20

Sheet bar
B1: 鋼筋支數n= | C1: =COUNTIF(G3:G402,">0") -> 12 | D1: 支 | E1: As,sum= | F1: =SUM(H3:H402) -> 34.2 | G1: cm2 | N1: cosθ | O1: sinθ
A2: NOX | B2: NOY | C2: x | D2: y | E2: x_rot | F2: y_rot | G2: rebar no | H2: rebar As | J2: 鋼筋 | N2: =R0!H7 -> 6.1257423e-17 | O2: =R0!I7 -> 1
A3: =INT((ROW(A2)-2)/20)+1 -> 1 | B3: =MOD(ROW(B2)-2,20)+1 -> 1 | C3: {=IF(G3=0,C$3,check!$C$3/2-INDEX(rebarps!$B$2:$V$22,1,B3+1))} -> 19 | D3: {=IF(G3=0,D$3,check!$C$4/2-INDEX(rebarps!$B$2:$V$22,A3+1,1))} -> 14 | E3: =(C3)*$N$2 - (D3)*$O$2 -> -14 | F3: =(C3)*$O$2 + (D3)*$N$2 -> 19 | G3: {=INDEX(rebarps!$C$3:$V$22,A3,B3)} -> 6 | H3: =IF(G3>0,LOOKUP(G3,J$4:J$12,K$4:K$12),0) -> 2.85 | J3: 號數 | K3: 面積 | L3: 直徑(cm)
A4: =INT((ROW(A3)-2)/20)+1 -> 1 | B4: =MOD(ROW(B3)-2,20)+1 -> 2 | C4: {=IF(G4=0,C$3,check!$C$3/2-INDEX(rebarps!$B$2:$V$22,1,B4+1))} -> 6.3333333 | D4: {=IF(G4=0,D$3,check!$C$4/2-INDEX(rebarps!$B$2:$V$22,A4+1,1))} -> 14 | E4: =(C4)*$N$2 - (D4)*$O$2 -> -14 | F4: =(C4)*$O$2 + (D4)*$N$2 -> 6.3333333 | G4: {=INDEX(rebarps!$C$3:$V$22,A4,B4)} -> 6 | H4: =IF(G4>0,LOOKUP(G4,J$4:J$12,K$4:K$12),0) -> 2.85 | J4: 3 | K4: 0.71 | L4: 0.953
A5: =INT((ROW(A4)-2)/20)+1 -> 1 | B5: =MOD(ROW(B4)-2,20)+1 -> 3 | C5: {=IF(G5=0,C$3,check!$C$3/2-INDEX(rebarps!$B$2:$V$22,1,B5+1))} -> -6.3333333 | D5: {=IF(G5=0,D$3,check!$C$4/2-INDEX(rebarps!$B$2:$V$22,A5+1,1))} -> 14 | E5: =(C5)*$N$2 - (D5)*$O$2 -> -14 | F5: =(C5)*$O$2 + (D5)*$N$2 -> -6.3333333 | G5: {=INDEX(rebarps!$C$3:$V$22,A5,B5)} -> 6 | H5: =IF(G5>0,LOOKUP(G5,J$4:J$12,K$4:K$12),0) -> 2.85 | J5: 4 | K5: 1.27 | L5: 1.27
A6: =INT((ROW(A5)-2)/20)+1 -> 1 | B6: =MOD(ROW(B5)-2,20)+1 -> 4 | C6: {=IF(G6=0,C$3,check!$C$3/2-INDEX(rebarps!$B$2:$V$22,1,B6+1))} -> -19 | D6: {=IF(G6=0,D$3,check!$C$4/2-INDEX(rebarps!$B$2:$V$22,A6+1,1))} -> 14 | E6: =(C6)*$N$2 - (D6)*$O$2 -> -14 | F6: =(C6)*$O$2 + (D6)*$N$2 -> -19 | G6: {=INDEX(rebarps!$C$3:$V$22,A6,B6)} -> 6 | H6: =IF(G6>0,LOOKUP(G6,J$4:J$12,K$4:K$12),0) -> 2.85 | J6: 5 | K6: 1.98 | L6: 15.9
A7: =INT((ROW(A6)-2)/20)+1 -> 1 | B7: =MOD(ROW(B6)-2,20)+1 -> 5 | C7: {=IF(G7=0,C$3,check!$C$3/2-INDEX(rebarps!$B$2:$V$22,1,B7+1))} -> 19 | D7: {=IF(G7=0,D$3,check!$C$4/2-INDEX(rebarps!$B$2:$V$22,A7+1,1))} -> 14 | E7: =(C7)*$N$2 - (D7)*$O$2 -> -14 | F7: =(C7)*$O$2 + (D7)*$N$2 -> 19 | G7: {=INDEX(rebarps!$C$3:$V$22,A7,B7)} -> 0 | H7: =IF(G7>0,LOOKUP(G7,J$4:J$12,K$4:K$12),0) -> 0 | J7: 6 | K7: 2.85 | L7: 1.91
A8: =INT((ROW(A7)-2)/20)+1 -> 1 | B8: =MOD(ROW(B7)-2,20)+1 -> 6 | C8: {=IF(G8=0,C$3,check!$C$3/2-INDEX(rebarps!$B$2:$V$22,1,B8+1))} -> 19 | D8: {=IF(G8=0,D$3,check!$C$4/2-INDEX(rebarps!$B$2:$V$22,A8+1,1))} -> 14 | E8: =(C8)*$N$2 - (D8)*$O$2 -> -14 | F8: =(C8)*$O$2 + (D8)*$N$2 -> 19 | G8: {=INDEX(rebarps!$C$3:$V$22,A8,B8)} -> 0 | H8: =IF(G8>0,LOOKUP(G8,J$4:J$12,K$4:K$12),0) -> 0 | J8: 7 | K8: 3.87 | L8: 2.22
A9: =INT((ROW(A8)-2)/20)+1 -> 1 | B9: =MOD(ROW(B8)-2,20)+1 -> 7 | C9: {=IF(G9=0,C$3,check!$C$3/2-INDEX(rebarps!$B$2:$V$22,1,B9+1))} -> 19 | D9: {=IF(G9=0,D$3,check!$C$4/2-INDEX(rebarps!$B$2:$V$22,A9+1,1))} -> 14 | E9: =(C9)*$N$2 - (D9)*$O$2 -> -14 | F9: =(C9)*$O$2 + (D9)*$N$2 -> 19 | G9: {=INDEX(rebarps!$C$3:$V$22,A9,B9)} -> 0 | H9: =IF(G9>0,LOOKUP(G9,J$4:J$12,K$4:K$12),0) -> 0 | J9: 8 | K9: 5.07 | L9: 2.54
A10: =INT((ROW(A9)-2)/20)+1 -> 1 | B10: =MOD(ROW(B9)-2,20)+1 -> 8 | C10: {=IF(G10=0,C$3,check!$C$3/2-INDEX(rebarps!$B$2:$V$22,1,B10+1))} -> 19 | D10: {=IF(G10=0,D$3,check!$C$4/2-INDEX(rebarps!$B$2:$V$22,A10+1,1))} -> 14 | E10: =(C10)*$N$2 - (D10)*$O$2 -> -14 | F10: =(C10)*$O$2 + (D10)*$N$2 -> 19 | G10: {=INDEX(rebarps!$C$3:$V$22,A10,B10)} -> 0 | H10: =IF(G10>0,LOOKUP(G10,J$4:J$12,K$4:K$12),0) -> 0 | J10: 9 | K10: 6.45 | L10: 2.87
A11: =INT((ROW(A10)-2)/20)+1 -> 1 | B11: =MOD(ROW(B10)-2,20)+1 -> 9 | C11: {=IF(G11=0,C$3,check!$C$3/2-INDEX(rebarps!$B$2:$V$22,1,B11+1))} -> 19 | D11: {=IF(G11=0,D$3,check!$C$4/2-INDEX(rebarps!$B$2:$V$22,A11+1,1))} -> 14 | E11: =(C11)*$N$2 - (D11)*$O$2 -> -14 | F11: =(C11)*$O$2 + (D11)*$N$2 -> 19 | G11: {=INDEX(rebarps!$C$3:$V$22,A11,B11)} -> 0 | H11: =IF(G11>0,LOOKUP(G11,J$4:J$12,K$4:K$12),0) -> 0 | J11: 10 | K11: 8.17 | L11: 3.22
A12: =INT((ROW(A11)-2)/20)+1 -> 1 | B12: =MOD(ROW(B11)-2,20)+1 -> 10 | C12: {=IF(G12=0,C$3,check!$C$3/2-INDEX(rebarps!$B$2:$V$22,1,B12+1))} -> 19 | D12: {=IF(G12=0,D$3,check!$C$4/2-INDEX(rebarps!$B$2:$V$22,A12+1,1))} -> 14 | E12: =(C12)*$N$2 - (D12)*$O$2 -> -14 | F12: =(C12)*$O$2 + (D12)*$N$2 -> 19 | G12: {=INDEX(rebarps!$C$3:$V$22,A12,B12)} -> 0 | H12: =IF(G12>0,LOOKUP(G12,J$4:J$12,K$4:K$12),0) -> 0 | J12: 11 | K12: 10.01 | L12: 3.58
A13: =INT((ROW(A12)-2)/20)+1 -> 1 | B13: =MOD(ROW(B12)-2,20)+1 -> 11 | C13: {=IF(G13=0,C$3,check!$C$3/2-INDEX(rebarps!$B$2:$V$22,1,B13+1))} -> 19 | D13: {=IF(G13=0,D$3,check!$C$4/2-INDEX(rebarps!$B$2:$V$22,A13+1,1))} -> 14 | E13: =(C13)*$N$2 - (D13)*$O$2 -> -14 | F13: =(C13)*$O$2 + (D13)*$N$2 -> 19 | G13: {=INDEX(rebarps!$C$3:$V$22,A13,B13)} -> 0 | H13: =IF(G13>0,LOOKUP(G13,J$4:J$12,K$4:K$12),0) -> 0
A14: =INT((ROW(A13)-2)/20)+1 -> 1 | B14: =MOD(ROW(B13)-2,20)+1 -> 12 | C14: {=IF(G14=0,C$3,check!$C$3/2-INDEX(rebarps!$B$2:$V$22,1,B14+1))} -> 19 | D14: {=IF(G14=0,D$3,check!$C$4/2-INDEX(rebarps!$B$2:$V$22,A14+1,1))} -> 14 | E14: =(C14)*$N$2 - (D14)*$O$2 -> -14 | F14: =(C14)*$O$2 + (D14)*$N$2 -> 19 | G14: {=INDEX(rebarps!$C$3:$V$22,A14,B14)} -> 0 | H14: =IF(G14>0,LOOKUP(G14,J$4:J$12,K$4:K$12),0) -> 0
A15: =INT((ROW(A14)-2)/20)+1 -> 1 | B15: =MOD(ROW(B14)-2,20)+1 -> 13 | C15: {=IF(G15=0,C$3,check!$C$3/2-INDEX(rebarps!$B$2:$V$22,1,B15+1))} -> 19 | D15: {=IF(G15=0,D$3,check!$C$4/2-INDEX(rebarps!$B$2:$V$22,A15+1,1))} -> 14 | E15: =(C15)*$N$2 - (D15)*$O$2 -> -14 | F15: =(C15)*$O$2 + (D15)*$N$2 -> 19 | G15: {=INDEX(rebarps!$C$3:$V$22,A15,B15)} -> 0 | H15: =IF(G15>0,LOOKUP(G15,J$4:J$12,K$4:K$12),0) -> 0
A16: =INT((ROW(A15)-2)/20)+1 -> 1 | B16: =MOD(ROW(B15)-2,20)+1 -> 14 | C16: {=IF(G16=0,C$3,check!$C$3/2-INDEX(rebarps!$B$2:$V$22,1,B16+1))} -> 19 | D16: {=IF(G16=0,D$3,check!$C$4/2-INDEX(rebarps!$B$2:$V$22,A16+1,1))} -> 14 | E16: =(C16)*$N$2 - (D16)*$O$2 -> -14 | F16: =(C16)*$O$2 + (D16)*$N$2 -> 19 | G16: {=INDEX(rebarps!$C$3:$V$22,A16,B16)} -> 0 | H16: =IF(G16>0,LOOKUP(G16,J$4:J$12,K$4:K$12),0) -> 0
A17: =INT((ROW(A16)-2)/20)+1 -> 1 | B17: =MOD(ROW(B16)-2,20)+1 -> 15 | C17: {=IF(G17=0,C$3,check!$C$3/2-INDEX(rebarps!$B$2:$V$22,1,B17+1))} -> 19 | D17: {=IF(G17=0,D$3,check!$C$4/2-INDEX(rebarps!$B$2:$V$22,A17+1,1))} -> 14 | E17: =(C17)*$N$2 - (D17)*$O$2 -> -14 | F17: =(C17)*$O$2 + (D17)*$N$2 -> 19 | G17: {=INDEX(rebarps!$C$3:$V$22,A17,B17)} -> 0 | H17: =IF(G17>0,LOOKUP(G17,J$4:J$12,K$4:K$12),0) -> 0
A18: =INT((ROW(A17)-2)/20)+1 -> 1 | B18: =MOD(ROW(B17)-2,20)+1 -> 16 | C18: {=IF(G18=0,C$3,check!$C$3/2-INDEX(rebarps!$B$2:$V$22,1,B18+1))} -> 19 | D18: {=IF(G18=0,D$3,check!$C$4/2-INDEX(rebarps!$B$2:$V$22,A18+1,1))} -> 14 | E18: =(C18)*$N$2 - (D18)*$O$2 -> -14 | F18: =(C18)*$O$2 + (D18)*$N$2 -> 19 | G18: {=INDEX(rebarps!$C$3:$V$22,A18,B18)} -> 0 | H18: =IF(G18>0,LOOKUP(G18,J$4:J$12,K$4:K$12),0) -> 0
A19: =INT((ROW(A18)-2)/20)+1 -> 1 | B19: =MOD(ROW(B18)-2,20)+1 -> 17 | C19: {=IF(G19=0,C$3,check!$C$3/2-INDEX(rebarps!$B$2:$V$22,1,B19+1))} -> 19 | D19: {=IF(G19=0,D$3,check!$C$4/2-INDEX(rebarps!$B$2:$V$22,A19+1,1))} -> 14 | E19: =(C19)*$N$2 - (D19)*$O$2 -> -14 | F19: =(C19)*$O$2 + (D19)*$N$2 -> 19 | G19: {=INDEX(rebarps!$C$3:$V$22,A19,B19)} -> 0 | H19: =IF(G19>0,LOOKUP(G19,J$4:J$12,K$4:K$12),0) -> 0
A20: =INT((ROW(A19)-2)/20)+1 -> 1 | B20: =MOD(ROW(B19)-2,20)+1 -> 18 | C20: {=IF(G20=0,C$3,check!$C$3/2-INDEX(rebarps!$B$2:$V$22,1,B20+1))} -> 19 | D20: {=IF(G20=0,D$3,check!$C$4/2-INDEX(rebarps!$B$2:$V$22,A20+1,1))} -> 14 | E20: =(C20)*$N$2 - (D20)*$O$2 -> -14 | F20: =(C20)*$O$2 + (D20)*$N$2 -> 19 | G20: {=INDEX(rebarps!$C$3:$V$22,A20,B20)} -> 0 | H20: =IF(G20>0,LOOKUP(G20,J$4:J$12,K$4:K$12),0) -> 0
A21: =INT((ROW(A20)-2)/20)+1 -> 1 | B21: =MOD(ROW(B20)-2,20)+1 -> 19 | C21: {=IF(G21=0,C$3,check!$C$3/2-INDEX(rebarps!$B$2:$V$22,1,B21+1))} -> 19 | D21: {=IF(G21=0,D$3,check!$C$4/2-INDEX(rebarps!$B$2:$V$22,A21+1,1))} -> 14 | E21: =(C21)*$N$2 - (D21)*$O$2 -> -14 | F21: =(C21)*$O$2 + (D21)*$N$2 -> 19 | G21: {=INDEX(rebarps!$C$3:$V$22,A21,B21)} -> 0 | H21: =IF(G21>0,LOOKUP(G21,J$4:J$12,K$4:K$12),0) -> 0
A22: =INT((ROW(A21)-2)/20)+1 -> 1 | B22: =MOD(ROW(B21)-2,20)+1 -> 20 | C22: {=IF(G22=0,C$3,check!$C$3/2-INDEX(rebarps!$B$2:$V$22,1,B22+1))} -> 19 | D22: {=IF(G22=0,D$3,check!$C$4/2-INDEX(rebarps!$B$2:$V$22,A22+1,1))} -> 14 | E22: =(C22)*$N$2 - (D22)*$O$2 -> -14 | F22: =(C22)*$O$2 + (D22)*$N$2 -> 19 | G22: {=INDEX(rebarps!$C$3:$V$22,A22,B22)} -> 0 | H22: =IF(G22>0,LOOKUP(G22,J$4:J$12,K$4:K$12),0) -> 0
A23: =INT((ROW(A22)-2)/20)+1 -> 2 | B23: =MOD(ROW(B22)-2,20)+1 -> 1 | C23: {=IF(G23=0,C$3,check!$C$3/2-INDEX(rebarps!$B$2:$V$22,1,B23+1))} -> 19 | D23: {=IF(G23=0,D$3,check!$C$4/2-INDEX(rebarps!$B$2:$V$22,A23+1,1))} -> 4.6666667 | E23: =(C23)*$N$2 - (D23)*$O$2 -> -4.6666667 | F23: =(C23)*$O$2 + (D23)*$N$2 -> 19 | G23: {=INDEX(rebarps!$C$3:$V$22,A23,B23)} -> 6 | H23: =IF(G23>0,LOOKUP(G23,J$4:J$12,K$4:K$12),0) -> 2.85
A24: =INT((ROW(A23)-2)/20)+1 -> 2 | B24: =MOD(ROW(B23)-2,20)+1 -> 2 | C24: {=IF(G24=0,C$3,check!$C$3/2-INDEX(rebarps!$B$2:$V$22,1,B24+1))} -> 19 | D24: {=IF(G24=0,D$3,check!$C$4/2-INDEX(rebarps!$B$2:$V$22,A24+1,1))} -> 14 | E24: =(C24)*$N$2 - (D24)*$O$2 -> -14 | F24: =(C24)*$O$2 + (D24)*$N$2 -> 19 | G24: {=INDEX(rebarps!$C$3:$V$22,A24,B24)} -> 0 | H24: =IF(G24>0,LOOKUP(G24,J$4:J$12,K$4:K$12),0) -> 0
... A402: =INT((ROW(A401)-2)/20)+1 -> 20 | B402: =MOD(ROW(B401)-2,20)+1 -> 20 | C402: {=IF(G402=0,C$3,check!$C$3/2-INDEX(rebarps!$B$2:$V$22,1,B402+1))} -> 19 | D402: {=IF(G402=0,D$3,check!$C$4/2-INDEX(rebarps!$B$2:$V$22,A402+1,1))} -> 14 | E402: =(C402)*$N$2 - (D402)*$O$2 -> -14 | F402: =(C402)*$O$2 + (D402)*$N$2 -> 19 | G402: {=INDEX(rebarps!$C$3:$V$22,A402,B402)} -> 0 | H402: =IF(G402>0,LOOKUP(G402,J$4:J$12,K$4:K$12),0) -> 0

Sheet R0
A1: Rotated Rectangle + Horizontal Cut (No VBA) | D1: 0 | E1: /20
A2: Cut position λ (0→y_min, 1→y_max) | B2: =D1/20 -> 0 | D2: β1= | E2: =check!G5 -> 0.85
A3: Input unit | B3: cm | D3: Output unit | E3: cm
A4: Width B (input unit) | B4: =check!C3 -> 50
A5: Deepth D (input unit) | B5: =check!C4 -> 40
A6: Rotate rectangle θ (deg, about origin) | B6: =90+check!C13 -> 90 | H6: cosθ | I6: sinθ
A7: Cut position 1-(1-λ)β1 | B7: =IF(B2=0,0,1-(1-B2)*E2) -> 0 | D7: Keep side | E7: Above (y >= y_cut) | H7: =COS(RADIANS($B$6)) -> 6.1257423e-17 | I7: =SIN(RADIANS($B$6)) -> 1
A9: Unit scales (mm per unit)
A10: s_in | B10: =IF($B$3="mm",1,IF($B$3="cm",10,IF($B$3="m",1000,1))) -> 10
A11: s_out | B11: =IF($E$3="mm",1,IF($E$3="cm",10,IF($E$3="m",1000,1))) -> 10
A12: len_in_to_out | B12: =$B$10/$B$11 -> 1
A13: Rotated rectangle vertices (after rotation θ)
A14: Corner | B14: x0 | C14: y0 | D14: x_rot | E14: y_rot | F14: Inside?
A15: 1 | B15: =IF(A15=1,-$B$4/2,IF(A15=2,$B$4/2,IF(A15=3,$B$4/2,-$B$4/2))) -> -25 | C15: =IF(A15=1,$B$5/2,IF(A15=2,$B$5/2,IF(A15=3,-$B$5/2,-$B$5/2))) -> 20 | D15: =(B15)*$H$7 - (C15)*$I$7 -> -20 | E15: =(B15)*$I$7 + (C15)*$H$7 -> -25 | F15: =IF($E$7="Above (y >= y_cut)",E15>=$B$20,E15<=$B$20) -> TRUE
A16: 2 | B16: =IF(A16=1,-$B$4/2,IF(A16=2,$B$4/2,IF(A16=3,$B$4/2,-$B$4/2))) -> 25 | C16: =IF(A16=1,$B$5/2,IF(A16=2,$B$5/2,IF(A16=3,-$B$5/2,-$B$5/2))) -> 20 | D16: =(B16)*$H$7 - (C16)*$I$7 -> -20 | E16: =(B16)*$I$7 + (C16)*$H$7 -> 25 | F16: =IF($E$7="Above (y >= y_cut)",E16>=$B$20,E16<=$B$20) -> TRUE
A17: 3 | B17: =IF(A17=1,-$B$4/2,IF(A17=2,$B$4/2,IF(A17=3,$B$4/2,-$B$4/2))) -> 25 | C17: =IF(A17=1,$B$5/2,IF(A17=2,$B$5/2,IF(A17=3,-$B$5/2,-$B$5/2))) -> -20 | D17: =(B17)*$H$7 - (C17)*$I$7 -> 20 | E17: =(B17)*$I$7 + (C17)*$H$7 -> 25 | F17: =IF($E$7="Above (y >= y_cut)",E17>=$B$20,E17<=$B$20) -> TRUE
A18: 4 | B18: =IF(A18=1,-$B$4/2,IF(A18=2,$B$4/2,IF(A18=3,$B$4/2,-$B$4/2))) -> -25 | C18: =IF(A18=1,$B$5/2,IF(A18=2,$B$5/2,IF(A18=3,-$B$5/2,-$B$5/2))) -> -20 | D18: =(B18)*$H$7 - (C18)*$I$7 -> 20 | E18: =(B18)*$I$7 + (C18)*$H$7 -> -25 | F18: =IF($E$7="Above (y >= y_cut)",E18>=$B$20,E18<=$B$20) -> TRUE
G19: x | H19: y | I19: L
A20: y_cut (input unit) | B20: =$B$21 + $B$7*($D$21-$B$21) -> -25 | C20: y_cut (output unit) | D20: =$B$20*$B$12 -> -25 | E20: Nature ax= | F20: =$B$21 + $B$2*($D$21-$B$21) -> -25 | G20: =MIN(D15:D18) -> -20 | H20: =F20 -> -25 | I20: =D21-F20 -> 50
A21: y_min (input unit) | B21: =MIN($E$15:$E$18) -> -25 | C21: y_max (input unit) | D21: =MAX($E$15:$E$18) -> 25 | G21: =MAX(D15:D18) -> 20 | H21: =F20 -> -25
A23: Clipping edges (Sutherland–Hodgman for y >=/<= y_cut)
A24: Edge | B24: S idx | C24: E idx | D24: xS | E24: yS | F24: xE | G24: yE | H24: inS | I24: inE | J24: xInt | K24: nOut | L24: posStart | M24: xOut1 | N24: yOut1 | O24: xOut2 | P24: yOut2
A25: 1 | B25: 1 | C25: 2 | D25: =INDEX($D$15:$D$18,B25) -> -20 | E25: =INDEX($E$15:$E$18,B25) -> -25 | F25: =INDEX($D$15:$D$18,C25) -> -20 | G25: =INDEX($E$15:$E$18,C25) -> 25 | H25: =IF($E$7="Above (y >= y_cut)",E25>=$B$20,E25<=$B$20) -> TRUE | I25: =IF($E$7="Above (y >= y_cut)",G25>=$B$20,G25<=$B$20) -> TRUE | J25: =IF(H25<>I25,IF(G25=E25,"",D25 + ($B$20-E25)*(F25-D25)/(G25-E25)),"") | K25: =IF(H25,1,IF(I25,2,0)) -> 1 | L25: 1 | M25: =IF(K25=0,"",IF(H25,IF(I25,F25,J25),J25)) -> -20 | N25: =IF(K25=0,"",IF(H25,IF(I25,G25,$B$20),$B$20)) -> 25 | O25: =IF(K25<2,"",F25) | P25: =IF(K25<2,"",G25)
A26: 2 | B26: 2 | C26: 3 | D26: =INDEX($D$15:$D$18,B26) -> -20 | E26: =INDEX($E$15:$E$18,B26) -> 25 | F26: =INDEX($D$15:$D$18,C26) -> 20 | G26: =INDEX($E$15:$E$18,C26) -> 25 | H26: =IF($E$7="Above (y >= y_cut)",E26>=$B$20,E26<=$B$20) -> TRUE | I26: =IF($E$7="Above (y >= y_cut)",G26>=$B$20,G26<=$B$20) -> TRUE | J26: =IF(H26<>I26,IF(G26=E26,"",D26 + ($B$20-E26)*(F26-D26)/(G26-E26)),"") | K26: =IF(H26,1,IF(I26,2,0)) -> 1 | L26: =L25+K25 -> 2 | M26: =IF(K26=0,"",IF(H26,IF(I26,F26,J26),J26)) -> 20 | N26: =IF(K26=0,"",IF(H26,IF(I26,G26,$B$20),$B$20)) -> 25 | O26: =IF(K26<2,"",F26) | P26: =IF(K26<2,"",G26)
A27: 3 | B27: 3 | C27: 4 | D27: =INDEX($D$15:$D$18,B27) -> 20 | E27: =INDEX($E$15:$E$18,B27) -> 25 | F27: =INDEX($D$15:$D$18,C27) -> 20 | G27: =INDEX($E$15:$E$18,C27) -> -25 | H27: =IF($E$7="Above (y >= y_cut)",E27>=$B$20,E27<=$B$20) -> TRUE | I27: =IF($E$7="Above (y >= y_cut)",G27>=$B$20,G27<=$B$20) -> TRUE | J27: =IF(H27<>I27,IF(G27=E27,"",D27 + ($B$20-E27)*(F27-D27)/(G27-E27)),"") | K27: =IF(H27,1,IF(I27,2,0)) -> 1 | L27: =L26+K26 -> 3 | M27: =IF(K27=0,"",IF(H27,IF(I27,F27,J27),J27)) -> 20 | N27: =IF(K27=0,"",IF(H27,IF(I27,G27,$B$20),$B$20)) -> -25 | O27: =IF(K27<2,"",F27) | P27: =IF(K27<2,"",G27)
A28: 4 | B28: 4 | C28: 1 | D28: =INDEX($D$15:$D$18,B28) -> 20 | E28: =INDEX($E$15:$E$18,B28) -> -25 | F28: =INDEX($D$15:$D$18,C28) -> -20 | G28: =INDEX($E$15:$E$18,C28) -> -25 | H28: =IF($E$7="Above (y >= y_cut)",E28>=$B$20,E28<=$B$20) -> TRUE | I28: =IF($E$7="Above (y >= y_cut)",G28>=$B$20,G28<=$B$20) -> TRUE | J28: =IF(H28<>I28,IF(G28=E28,"",D28 + ($B$20-E28)*(F28-D28)/(G28-E28)),"") | K28: =IF(H28,1,IF(I28,2,0)) -> 1 | L28: =L27+K27 -> 4 | M28: =IF(K28=0,"",IF(H28,IF(I28,F28,J28),J28)) -> -20 | N28: =IF(K28=0,"",IF(H28,IF(I28,G28,$B$20),$B$20)) -> -25 | O28: =IF(K28<2,"",F28) | P28: =IF(K28<2,"",G28)
A29: CLOSE | D29: =D25 -> -20 | E29: =E25 -> -25
A30: Total vertices N_out | B30: =SUM($K$25:$K$28) -> 4
A32: Clipped polygon vertices (in traversal order)
A33: k | B33: x_out (in) | C33: y_out (in) | D33: x_out (out) | E33: y_out (out) | F33: Δ | G33: x_term | H33: y_term
A34: 1 | B34: =IF($A34>$B$30,NA(),IF(K34=1,INDEX($M$25:$M$28,J34),INDEX($O$25:$O$28,J34))) -> -20 | C34: =IF($A34>$B$30,NA(),IF(K34=1,INDEX($N$25:$N$28,J34),INDEX($P$25:$P$28,J34))) -> 25 | D34: =IF(ISNA(B34),NA(),B34*$B$12) -> -20 | E34: =IF(ISNA(C34),NA(),C34*$B$12) -> 25 | F34: =IF($A34>$B$30,"",B34*M34-L34*C34) -> -1000 | G34: =IF($A34>$B$30,"",(B34+L34)*F34) -> 0 | H34: =IF($A34>$B$30,"",(C34+M34)*F34) -> -50000 | I34: =IF($A34>$B$30,"",LOOKUP($A34,$L$25:$L$28,$A$25:$A$28)) -> 1 | J34: =IF($A34>$B$30,"",MATCH(I34,$A$25:$A$28,0)) -> 1 | K34: =IF($A34>$B$30,"",$A34-INDEX($L$25:$L$28,J34)+1) -> 1 | L34: =IF($A34>$B$30,"",IF($A34<$B$30,B35,$B$34)) -> 20 | M34: =IF($A34>$B$30,"",IF($A34<$B$30,C35,$C$34)) -> 25
A35: 2 | B35: =IF($A35>$B$30,NA(),IF(K35=1,INDEX($M$25:$M$28,J35),INDEX($O$25:$O$28,J35))) -> 20 | C35: =IF($A35>$B$30,NA(),IF(K35=1,INDEX($N$25:$N$28,J35),INDEX($P$25:$P$28,J35))) -> 25 | D35: =IF(ISNA(B35),NA(),B35*$B$12) -> 20 | E35: =IF(ISNA(C35),NA(),C35*$B$12) -> 25 | F35: =IF($A35>$B$30,"",B35*M35-L35*C35) -> -1000 | G35: =IF($A35>$B$30,"",(B35+L35)*F35) -> -40000 | H35: =IF($A35>$B$30,"",(C35+M35)*F35) -> 0 | I35: =IF($A35>$B$30,"",LOOKUP($A35,$L$25:$L$28,$A$25:$A$28)) -> 2 | J35: =IF($A35>$B$30,"",MATCH(I35,$A$25:$A$28,0)) -> 2 | K35: =IF($A35>$B$30,"",$A35-INDEX($L$25:$L$28,J35)+1) -> 1 | L35: =IF($A35>$B$30,"",IF($A35<$B$30,B36,$B$34)) -> 20 | M35: =IF($A35>$B$30,"",IF($A35<$B$30,C36,$C$34)) -> -25
A36: 3 | B36: =IF($A36>$B$30,NA(),IF(K36=1,INDEX($M$25:$M$28,J36),INDEX($O$25:$O$28,J36))) -> 20 | C36: =IF($A36>$B$30,NA(),IF(K36=1,INDEX($N$25:$N$28,J36),INDEX($P$25:$P$28,J36))) -> -25 | D36: =IF(ISNA(B36),NA(),B36*$B$12) -> 20 | E36: =IF(ISNA(C36),NA(),C36*$B$12) -> -25 | F36: =IF($A36>$B$30,"",B36*M36-L36*C36) -> -1000 | G36: =IF($A36>$B$30,"",(B36+L36)*F36) -> 0 | H36: =IF($A36>$B$30,"",(C36+M36)*F36) -> 50000 | I36: =IF($A36>$B$30,"",LOOKUP($A36,$L$25:$L$28,$A$25:$A$28)) -> 3 | J36: =IF($A36>$B$30,"",MATCH(I36,$A$25:$A$28,0)) -> 3 | K36: =IF($A36>$B$30,"",$A36-INDEX($L$25:$L$28,J36)+1) -> 1 | L36: =IF($A36>$B$30,"",IF($A36<$B$30,B37,$B$34)) -> -20 | M36: =IF($A36>$B$30,"",IF($A36<$B$30,C37,$C$34)) -> -25
A37: 4 | B37: =IF($A37>$B$30,NA(),IF(K37=1,INDEX($M$25:$M$28,J37),INDEX($O$25:$O$28,J37))) -> -20 | C37: =IF($A37>$B$30,NA(),IF(K37=1,INDEX($N$25:$N$28,J37),INDEX($P$25:$P$28,J37))) -> -25 | D37: =IF(ISNA(B37),NA(),B37*$B$12) -> -20 | E37: =IF(ISNA(C37),NA(),C37*$B$12) -> -25 | F37: =IF($A37>$B$30,"",B37*M37-L37*C37) -> -1000 | G37: =IF($A37>$B$30,"",(B37+L37)*F37) -> 40000 | H37: =IF($A37>$B$30,"",(C37+M37)*F37) -> 0 | I37: =IF($A37>$B$30,"",LOOKUP($A37,$L$25:$L$28,$A$25:$A$28)) -> 4 | J37: =IF($A37>$B$30,"",MATCH(I37,$A$25:$A$28,0)) -> 4 | K37: =IF($A37>$B$30,"",$A37-INDEX($L$25:$L$28,J37)+1) -> 1 | L37: =IF($A37>$B$30,"",IF($A37<$B$30,B38,$B$34)) -> -20 | M37: =IF($A37>$B$30,"",IF($A37<$B$30,C38,$C$34)) -> 25
A38: 5 | B38: =IF($A38>$B$30,NA(),IF(K38=1,INDEX($M$25:$M$28,J38),INDEX($O$25:$O$28,J38))) -> #N/A | C38: =IF($A38>$B$30,NA(),IF(K38=1,INDEX($N$25:$N$28,J38),INDEX($P$25:$P$28,J38))) -> #N/A | D38: =IF(ISNA(B38),NA(),B38*$B$12) -> #N/A | E38: =IF(ISNA(C38),NA(),C38*$B$12) -> #N/A | F38: =IF($A38>$B$30,"",B38*M38-L38*C38) | G38: =IF($A38>$B$30,"",(B38+L38)*F38) | H38: =IF($A38>$B$30,"",(C38+M38)*F38) | I38: =IF($A38>$B$30,"",LOOKUP($A38,$L$25:$L$28,$A$25:$A$28)) | J38: =IF($A38>$B$30,"",MATCH(I38,$A$25:$A$28,0)) | K38: =IF($A38>$B$30,"",$A38-INDEX($L$25:$L$28,J38)+1) | L38: =IF($A38>$B$30,"",IF($A38<$B$30,B39,$B$34)) | M38: =IF($A38>$B$30,"",IF($A38<$B$30,C39,$C$34))
A39: 6 | B39: =IF($A39>$B$30,NA(),IF(K39=1,INDEX($M$25:$M$28,J39),INDEX($O$25:$O$28,J39))) -> #N/A | C39: =IF($A39>$B$30,NA(),IF(K39=1,INDEX($N$25:$N$28,J39),INDEX($P$25:$P$28,J39))) -> #N/A | D39: =IF(ISNA(B39),NA(),B39*$B$12) -> #N/A | E39: =IF(ISNA(C39),NA(),C39*$B$12) -> #N/A | F39: =IF($A39>$B$30,"",B39*M39-L39*C39) | G39: =IF($A39>$B$30,"",(B39+L39)*F39) | H39: =IF($A39>$B$30,"",(C39+M39)*F39) | I39: =IF($A39>$B$30,"",LOOKUP($A39,$L$25:$L$28,$A$25:$A$28)) | J39: =IF($A39>$B$30,"",MATCH(I39,$A$25:$A$28,0)) | K39: =IF($A39>$B$30,"",$A39-INDEX($L$25:$L$28,J39)+1) | L39: =IF($A39>$B$30,"",IF($A39<$B$30,B40,$B$34)) | M39: =IF($A39>$B$30,"",IF($A39<$B$30,C40,$C$34))
A40: 7 | B40: =IF($A40>$B$30,NA(),IF(K40=1,INDEX($M$25:$M$28,J40),INDEX($O$25:$O$28,J40))) -> #N/A | C40: =IF($A40>$B$30,NA(),IF(K40=1,INDEX($N$25:$N$28,J40),INDEX($P$25:$P$28,J40))) -> #N/A | D40: =IF(ISNA(B40),NA(),B40*$B$12) -> #N/A | E40: =IF(ISNA(C40),NA(),C40*$B$12) -> #N/A | F40: =IF($A40>$B$30,"",B40*M40-L40*C40) | G40: =IF($A40>$B$30,"",(B40+L40)*F40) | H40: =IF($A40>$B$30,"",(C40+M40)*F40) | I40: =IF($A40>$B$30,"",LOOKUP($A40,$L$25:$L$28,$A$25:$A$28)) | J40: =IF($A40>$B$30,"",MATCH(I40,$A$25:$A$28,0)) | K40: =IF($A40>$B$30,"",$A40-INDEX($L$25:$L$28,J40)+1) | L40: =IF($A40>$B$30,"",IF($A40<$B$30,B41,$B$34)) | M40: =IF($A40>$B$30,"",IF($A40<$B$30,C41,$C$34))
A41: 8 | B41: =IF($A41>$B$30,NA(),IF(K41=1,INDEX($M$25:$M$28,J41),INDEX($O$25:$O$28,J41))) -> #N/A | C41: =IF($A41>$B$30,NA(),IF(K41=1,INDEX($N$25:$N$28,J41),INDEX($P$25:$P$28,J41))) -> #N/A | D41: =IF(ISNA(B41),NA(),B41*$B$12) -> #N/A | E41: =IF(ISNA(C41),NA(),C41*$B$12) -> #N/A | F41: =IF($A41>$B$30,"",B41*M41-L41*C41) | G41: =IF($A41>$B$30,"",(B41+L41)*F41) | H41: =IF($A41>$B$30,"",(C41+M41)*F41) | I41: =IF($A41>$B$30,"",LOOKUP($A41,$L$25:$L$28,$A$25:$A$28)) | J41: =IF($A41>$B$30,"",MATCH(I41,$A$25:$A$28,0)) | K41: =IF($A41>$B$30,"",$A41-INDEX($L$25:$L$28,J41)+1) | L41: =IF($A41>$B$30,"",IF($A41<$B$30,B42,$B$34)) | M41: =IF($A41>$B$30,"",IF($A41<$B$30,C42,$C$34))
A42: close | B42: =IF($B$30<1,NA(),B34) -> -20 | C42: =IF($B$30<1,NA(),C34) -> 25 | D42: =IF($B$30<1,NA(),D34) -> -20 | E42: =IF($B$30<1,NA(),E34) -> 25
A44: Results
A45: Signed area A_s (in^2) | B45: =0.5*SUM(F34:F41) -> -2000 | C45: =E$3&"^2" -> cm^2
A46: Area A (out^2) | B46: =ABS(B45)*($B$12^2) -> 2000 | C46: =E$3&"^2" -> cm^2
A47: Centroid x̄ (out) | B47: =IFERROR((SUM(G34:G41)/(6*B45))*$B$12,"") -> 0 | C47: =E$3 -> cm
A48: Centroid ȳ (out) | B48: =IFERROR((SUM(H34:H41)/(6*B45))*$B$12,"") -> 0 | C48: =E$3 -> cm
F49: Plot helpers
F50: x_min | G50: =_xlfn.AGGREGATE(15,6,$D$34:$D$41,1) -> -20
F51: x_max | G51: =_xlfn.AGGREGATE(14,6,$D$34:$D$41,1) -> 20
F52: y_min | G52: =_xlfn.AGGREGATE(15,6,$E$34:$E$41,1) -> -25
F53: y_max | G53: =_xlfn.AGGREGATE(14,6,$E$34:$E$41,1) -> 25
F54: midx | G54: =(G50+G51)/2 -> 0
F55: midy | G55: =(G52+G53)/2 -> 0
F56: span | G56: =MAX(G51-G50,G53-G52)*1.1 -> 55
F58: Bounds points (invisible)
F59: x_b | G59: y_b
F60: =G54-G56/2 -> -27.5 | G60: =G55-G56/2 -> -27.5
F61: =G54+G56/2 -> 27.5 | G61: =G55+G56/2 -> 27.5
F63: Cut line
F64: x_cut | G64: y_cut
F65: =F60 -> -27.5 | G65: =$D$20 -> -25
F66: =F61 -> 27.5 | G66: =$D$20 -> -25
F68: Centroid
F69: x_cg | G69: y_cg
F70: =$B$47 -> 0 | G70: =$B$48 -> 0
A72: RC 計算 | B72: P0=0.85fc*Ac | M72: 鋼筋計算
B73: Pc=0.85f'c×Ac | M73: fy | N73: εty | O73: E | P73: εy | Q73: εmax
B74: Mc=Pc×dc | M74: kgf/cm^2 | O74: kgf/cm^2
M75: =check!C10 -> 4200 | N75: =M75/O75 -> 0.0020588235 | O75: 2040000 | P75: =MIN(R80:R479) -> 0.003 | Q75: =check!G85 -> 0
L77: 扣孔 | P77: Ymin | T77: tf | U77: tf | V77: tf-m | W77: tf-m
J78: =N75+C83 -> 0.0050588235 | L78: =SUM(L80:L479) -> 34.2 | P78: =MIN(P80:P479) -> -19 | S78: sum | T78: =SUM(T80:T479) -> 143.64 | U78: =SUM(U80:U479) -> 0 | V78: =SUM(V80:V479) -> 8.8817842e-16 | W78: =SUM(W80:W479) -> 0
M79: no | N79: θ | O79: X | P79: Y | Q79: As | R79: εty | S79: fy | T79: Ps | U79: Ts | V79: Psd | W79: Tsd
L80: =IF(Q80=0,0,IF(P80>$B$20,Q80,0)) -> 2.85 | M80: 1 | N80: =bar!B74 -> 12 | O80: =bar!E3 -> -14 | P80: =bar!F3 -> 19 | Q80: =bar!H3 -> 2.85 | R80: =IF($B$2=1,-0.006,IF($D$83=0,$C$83,(P80-$E$83)*$D$83)) -> 0.003 | S80: =IF(R80<0,-1*IF(ABS(R80)>$N$75,$M$75,$M$75*ABS(R80)/$N$75),IF(ABS(R80)>$N$75,$M$75,$M$75*ABS(R80)/$N$75)) -> 4200 | T80: =IF(R80<0,0,Q80*S80)/1000 -> 11.97 | U80: =IF(R80>0,0,Q80*S80)/1000 -> 0 | V80: =T80*P80/100 -> 2.2743 | W80: =U80*P80/100 -> 0
B81: fc | C81: εc | D81: m | E81: 中性軸對應座標 | F81: 等值應力塊對應座標 | G81: 螺箍1橫箍2 | H81: a1 | I81: a2 | J81: 最外緣鋼筋 | K81: ψ | L81: =IF(Q81=0,0,IF(P81>$B$20,Q81,0)) -> 2.85 | M81: 2 | N81: =bar!B75 -> 13 | O81: =bar!E4 -> -14 | P81: =bar!F4 -> 6.3333333 | Q81: =bar!H4 -> 2.85 | R81: =IF($B$2=1,-0.006,IF($D$83=0,$C$83,(P81-$E$83)*$D$83)) -> 0.003 | S81: =IF(R81<0,-1*IF(ABS(R81)>$N$75,$M$75,$M$75*ABS(R81)/$N$75),IF(ABS(R81)>$N$75,$M$75,$M$75*ABS(R81)/$N$75)) -> 4200 | T81: =IF(R81<0,0,Q81*S81)/1000 -> 11.97 | U81: =IF(R81>0,0,Q81*S81)/1000 -> 0 | V81: =T81*P81/100 -> 0.7581 | W81: =U81*P81/100 -> 0
B82: kgf/cm^2 | D82: εc/x | J82: ε | L82: =IF(Q82=0,0,IF(P82>$B$20,Q82,0)) -> 2.85 | M82: 3 | N82: =bar!B76 -> 14 | O82: =bar!E5 -> -14 | P82: =bar!F5 -> -6.3333333 | Q82: =bar!H5 -> 2.85 | R82: =IF($B$2=1,-0.006,IF($D$83=0,$C$83,(P82-$E$83)*$D$83)) -> 0.003 | S82: =IF(R82<0,-1*IF(ABS(R82)>$N$75,$M$75,$M$75*ABS(R82)/$N$75),IF(ABS(R82)>$N$75,$M$75,$M$75*ABS(R82)/$N$75)) -> 4200 | T82: =IF(R82<0,0,Q82*S82)/1000 -> 11.97 | U82: =IF(R82>0,0,Q82*S82)/1000 -> 0 | V82: =T82*P82/100 -> -0.7581 | W82: =U82*P82/100 -> 0
B83: =check!C5 -> 280 | C83: =check!G15 -> 0.003 | D83: =IF(I20=(D21-B21),0,C83/I20) -> 0 | E83: =F20 -> -25 | F83: =B87/2-F87 -> 0 | G83: 2 | H83: =IF(G83=1,0.7,0.65) -> 0.65 | I83: =IF(G83=1,0.9-0.75,0.9-0.65) -> 0.25 | J83: =-1*P75 -> -0.003 | K83: =IF(J83<N75,H83,IF(J83<(N75+C83),H83+(J83-N75)*I83/C83,0.9)) -> 0.65 | L83: =IF(Q83=0,0,IF(P83>$B$20,Q83,0)) -> 2.85 | M83: 4 | N83: =bar!B77 -> 15 | O83: =bar!E6 -> -14 | P83: =bar!F6 -> -19 | Q83: =bar!H6 -> 2.85 | R83: =IF($B$2=1,-0.006,IF($D$83=0,$C$83,(P83-$E$83)*$D$83)) -> 0.003 | S83: =IF(R83<0,-1*IF(ABS(R83)>$N$75,$M$75,$M$75*ABS(R83)/$N$75),IF(ABS(R83)>$N$75,$M$75,$M$75*ABS(R83)/$N$75)) -> 4200 | T83: =IF(R83<0,0,Q83*S83)/1000 -> 11.97 | U83: =IF(R83>0,0,Q83*S83)/1000 -> 0 | V83: =T83*P83/100 -> -2.2743 | W83: =U83*P83/100 -> 0
L84: =IF(Q84=0,0,IF(P84>$B$20,Q84,0)) -> 0 | M84: 5 | N84: =bar!B78 -> 16 | O84: =bar!E7 -> -14 | P84: =bar!F7 -> 19 | Q84: =bar!H7 -> 0 | R84: =IF($B$2=1,-0.006,IF($D$83=0,$C$83,(P84-$E$83)*$D$83)) -> 0.003 | S84: =IF(R84<0,-1*IF(ABS(R84)>$N$75,$M$75,$M$75*ABS(R84)/$N$75),IF(ABS(R84)>$N$75,$M$75,$M$75*ABS(R84)/$N$75)) -> 4200 | T84: =IF(R84<0,0,Q84*S84)/1000 -> 0 | U84: =IF(R84>0,0,Q84*S84)/1000 -> 0 | V84: =T84*P84/100 -> 0 | W84: =U84*P84/100 -> 0
B85: D | C85: B | D85: x | E85: β1 | F85: β1*x | G85: a | H85: θ | I85: Ac | J85: e1 | K85: dc=D/2-e1 | L85: =IF(Q85=0,0,IF(P85>$B$20,Q85,0)) -> 0 | M85: 6 | N85: =bar!B79 -> 17 | O85: =bar!E8 -> -14 | P85: =bar!F8 -> 19 | Q85: =bar!H8 -> 0 | R85: =IF($B$2=1,-0.006,IF($D$83=0,$C$83,(P85-$E$83)*$D$83)) -> 0.003 | S85: =IF(R85<0,-1*IF(ABS(R85)>$N$75,$M$75,$M$75*ABS(R85)/$N$75),IF(ABS(R85)>$N$75,$M$75,$M$75*ABS(R85)/$N$75)) -> 4200 | T85: =IF(R85<0,0,Q85*S85)/1000 -> 0 | U85: =IF(R85>0,0,Q85*S85)/1000 -> 0 | V85: =T85*P85/100 -> 0 | W85: =U85*P85/100 -> 0
B86: cm | C86: cm | D86: cm | F86: cm | G86: cm | I86: cm^2 | J86: cm | K86: cm | L86: =IF(Q86=0,0,IF(P86>$B$20,Q86,0)) -> 0 | M86: 7 | N86: =bar!B80 -> 18 | O86: =bar!E9 -> -14 | P86: =bar!F9 -> 19 | Q86: =bar!H9 -> 0 | R86: =IF($B$2=1,-0.006,IF($D$83=0,$C$83,(P86-$E$83)*$D$83)) -> 0.003 | S86: =IF(R86<0,-1*IF(ABS(R86)>$N$75,$M$75,$M$75*ABS(R86)/$N$75),IF(ABS(R86)>$N$75,$M$75,$M$75*ABS(R86)/$N$75)) -> 4200 | T86: =IF(R86<0,0,Q86*S86)/1000 -> 0 | U86: =IF(R86>0,0,Q86*S86)/1000 -> 0 | V86: =T86*P86/100 -> 0 | W86: =U86*P86/100 -> 0
B87: =check!C76 -> 0 | C87: =check!$C$3 -> 50 | D87: =B87-A97/20*B87 -> 0 | E87: =IF(D87=B87,1,check!G77) -> 1 | F87: =E87*D87 -> 0 | G87: =C87-F87 -> 50 | H87: =DEGREES(ACOS(G87/C87))*2 -> 0 | I87: =B46-L78 -> 1965.8 | J87: =G70 -> 0 | K87: =G70 -> 0 | L87: =IF(Q87=0,0,IF(P87>$B$20,Q87,0)) -> 0 | M87: 8 | N87: =bar!B81 -> 19 | O87: =bar!E10 -> -14 | P87: =bar!F10 -> 19 | Q87: =bar!H10 -> 0 | R87: =IF($B$2=1,-0.006,IF($D$83=0,$C$83,(P87-$E$83)*$D$83)) -> 0.003 | S87: =IF(R87<0,-1*IF(ABS(R87)>$N$75,$M$75,$M$75*ABS(R87)/$N$75),IF(ABS(R87)>$N$75,$M$75,$M$75*ABS(R87)/$N$75)) -> 4200 | T87: =IF(R87<0,0,Q87*S87)/1000 -> 0 | U87: =IF(R87>0,0,Q87*S87)/1000 -> 0 | V87: =T87*P87/100 -> 0 | W87: =U87*P87/100 -> 0
L88: =IF(Q88=0,0,IF(P88>$B$20,Q88,0)) -> 0 | M88: 9 | N88: =bar!B82 -> 20 | O88: =bar!E11 -> -14 | P88: =bar!F11 -> 19 | Q88: =bar!H11 -> 0 | R88: =IF($B$2=1,-0.006,IF($D$83=0,$C$83,(P88-$E$83)*$D$83)) -> 0.003 | S88: =IF(R88<0,-1*IF(ABS(R88)>$N$75,$M$75,$M$75*ABS(R88)/$N$75),IF(ABS(R88)>$N$75,$M$75,$M$75*ABS(R88)/$N$75)) -> 4200 | T88: =IF(R88<0,0,Q88*S88)/1000 -> 0 | U88: =IF(R88>0,0,Q88*S88)/1000 -> 0 | V88: =T88*P88/100 -> 0 | W88: =U88*P88/100 -> 0
B89: Pc | C89: Mc | L89: =IF(Q89=0,0,IF(P89>$B$20,Q89,0)) -> 0 | M89: 10 | N89: =bar!B83 -> 1 | O89: =bar!E12 -> -14 | P89: =bar!F12 -> 19 | Q89: =bar!H12 -> 0 | R89: =IF($B$2=1,-0.006,IF($D$83=0,$C$83,(P89-$E$83)*$D$83)) -> 0.003 | S89: =IF(R89<0,-1*IF(ABS(R89)>$N$75,$M$75,$M$75*ABS(R89)/$N$75),IF(ABS(R89)>$N$75,$M$75,$M$75*ABS(R89)/$N$75)) -> 4200 | T89: =IF(R89<0,0,Q89*S89)/1000 -> 0 | U89: =IF(R89>0,0,Q89*S89)/1000 -> 0 | V89: =T89*P89/100 -> 0 | W89: =U89*P89/100 -> 0
B90: tf | C90: tf-m | L90: =IF(Q90=0,0,IF(P90>$B$20,Q90,0)) -> 0 | M90: 11 | N90: =bar!B84 -> 2 | O90: =bar!E13 -> -14 | P90: =bar!F13 -> 19 | Q90: =bar!H13 -> 0 | R90: =IF($B$2=1,-0.006,IF($D$83=0,$C$83,(P90-$E$83)*$D$83)) -> 0.003 | S90: =IF(R90<0,-1*IF(ABS(R90)>$N$75,$M$75,$M$75*ABS(R90)/$N$75),IF(ABS(R90)>$N$75,$M$75,$M$75*ABS(R90)/$N$75)) -> 4200 | T90: =IF(R90<0,0,Q90*S90)/1000 -> 0 | U90: =IF(R90>0,0,Q90*S90)/1000 -> 0 | V90: =T90*P90/100 -> 0 | W90: =U90*P90/100 -> 0
B91: =0.85*B83*I87/1000 -> 467.8604 | C91: =IFERROR(B91*K87/100,0) -> 0 | L91: =IF(Q91=0,0,IF(P91>$B$20,Q91,0)) -> 0 | M91: 12 | N91: =bar!B85 -> 3 | O91: =bar!E14 -> -14 | P91: =bar!F14 -> 19 | Q91: =bar!H14 -> 0 | R91: =IF($B$2=1,-0.006,IF($D$83=0,$C$83,(P91-$E$83)*$D$83)) -> 0.003 | S91: =IF(R91<0,-1*IF(ABS(R91)>$N$75,$M$75,$M$75*ABS(R91)/$N$75),IF(ABS(R91)>$N$75,$M$75,$M$75*ABS(R91)/$N$75)) -> 4200 | T91: =IF(R91<0,0,Q91*S91)/1000 -> 0 | U91: =IF(R91>0,0,Q91*S91)/1000 -> 0 | V91: =T91*P91/100 -> 0 | W91: =U91*P91/100 -> 0
L92: =IF(Q92=0,0,IF(P92>$B$20,Q92,0)) -> 0 | M92: 13 | N92: =bar!B86 -> 4 | O92: =bar!E15 -> -14 | P92: =bar!F15 -> 19 | Q92: =bar!H15 -> 0 | R92: =IF($B$2=1,-0.006,IF($D$83=0,$C$83,(P92-$E$83)*$D$83)) -> 0.003 | S92: =IF(R92<0,-1*IF(ABS(R92)>$N$75,$M$75,$M$75*ABS(R92)/$N$75),IF(ABS(R92)>$N$75,$M$75,$M$75*ABS(R92)/$N$75)) -> 4200 | T92: =IF(R92<0,0,Q92*S92)/1000 -> 0 | U92: =IF(R92>0,0,Q92*S92)/1000 -> 0 | V92: =T92*P92/100 -> 0 | W92: =U92*P92/100 -> 0
L93: =IF(Q93=0,0,IF(P93>$B$20,Q93,0)) -> 0 | M93: 14 | N93: =bar!B87 -> 5 | O93: =bar!E16 -> -14 | P93: =bar!F16 -> 19 | Q93: =bar!H16 -> 0 | R93: =IF($B$2=1,-0.006,IF($D$83=0,$C$83,(P93-$E$83)*$D$83)) -> 0.003 | S93: =IF(R93<0,-1*IF(ABS(R93)>$N$75,$M$75,$M$75*ABS(R93)/$N$75),IF(ABS(R93)>$N$75,$M$75,$M$75*ABS(R93)/$N$75)) -> 4200 | T93: =IF(R93<0,0,Q93*S93)/1000 -> 0 | U93: =IF(R93>0,0,Q93*S93)/1000 -> 0 | V93: =T93*P93/100 -> 0 | W93: =U93*P93/100 -> 0
B94: 總應力計算 | L94: =IF(Q94=0,0,IF(P94>$B$20,Q94,0)) -> 0 | M94: 15 | N94: =bar!B88 -> 6 | O94: =bar!E17 -> -14 | P94: =bar!F17 -> 19 | Q94: =bar!H17 -> 0 | R94: =IF($B$2=1,-0.006,IF($D$83=0,$C$83,(P94-$E$83)*$D$83)) -> 0.003 | S94: =IF(R94<0,-1*IF(ABS(R94)>$N$75,$M$75,$M$75*ABS(R94)/$N$75),IF(ABS(R94)>$N$75,$M$75,$M$75*ABS(R94)/$N$75)) -> 4200 | T94: =IF(R94<0,0,Q94*S94)/1000 -> 0 | U94: =IF(R94>0,0,Q94*S94)/1000 -> 0 | V94: =T94*P94/100 -> 0 | W94: =U94*P94/100 -> 0
B95: Mn | C95: Pn | D95: ψ | L95: =IF(Q95=0,0,IF(P95>$B$20,Q95,0)) -> 0 | M95: 16 | N95: =bar!B89 -> 7 | O95: =bar!E18 -> -14 | P95: =bar!F18 -> 19 | Q95: =bar!H18 -> 0 | R95: =IF($B$2=1,-0.006,IF($D$83=0,$C$83,(P95-$E$83)*$D$83)) -> 0.003 | S95: =IF(R95<0,-1*IF(ABS(R95)>$N$75,$M$75,$M$75*ABS(R95)/$N$75),IF(ABS(R95)>$N$75,$M$75,$M$75*ABS(R95)/$N$75)) -> 4200 | T95: =IF(R95<0,0,Q95*S95)/1000 -> 0 | U95: =IF(R95>0,0,Q95*S95)/1000 -> 0 | V95: =T95*P95/100 -> 0 | W95: =U95*P95/100 -> 0
B96: tf-m | C96: tf | L96: =IF(Q96=0,0,IF(P96>$B$20,Q96,0)) -> 0 | M96: 17 | N96: =bar!B90 -> 8 | O96: =bar!E19 -> -14 | P96: =bar!F19 -> 19 | Q96: =bar!H19 -> 0 | R96: =IF($B$2=1,-0.006,IF($D$83=0,$C$83,(P96-$E$83)*$D$83)) -> 0.003 | S96: =IF(R96<0,-1*IF(ABS(R96)>$N$75,$M$75,$M$75*ABS(R96)/$N$75),IF(ABS(R96)>$N$75,$M$75,$M$75*ABS(R96)/$N$75)) -> 4200 | T96: =IF(R96<0,0,Q96*S96)/1000 -> 0 | U96: =IF(R96>0,0,Q96*S96)/1000 -> 0 | V96: =T96*P96/100 -> 0 | W96: =U96*P96/100 -> 0
A97: =D1 -> 0 | B97: =C91+V78+W78 -> 8.8817842e-16 | C97: =B91+T78+U78 -> 611.5004 | D97: =K83 -> 0.65 | L97: =IF(Q97=0,0,IF(P97>$B$20,Q97,0)) -> 0 | M97: 18 | N97: =bar!B91 -> 9 | O97: =bar!E20 -> -14 | P97: =bar!F20 -> 19 | Q97: =bar!H20 -> 0 | R97: =IF($B$2=1,-0.006,IF($D$83=0,$C$83,(P97-$E$83)*$D$83)) -> 0.003 | S97: =IF(R97<0,-1*IF(ABS(R97)>$N$75,$M$75,$M$75*ABS(R97)/$N$75),IF(ABS(R97)>$N$75,$M$75,$M$75*ABS(R97)/$N$75)) -> 4200 | T97: =IF(R97<0,0,Q97*S97)/1000 -> 0 | U97: =IF(R97>0,0,Q97*S97)/1000 -> 0 | V97: =T97*P97/100 -> 0 | W97: =U97*P97/100 -> 0
L98: =IF(Q98=0,0,IF(P98>$B$20,Q98,0)) -> 0 | M98: 19 | N98: =bar!B92 -> 10 | O98: =bar!E21 -> -14 | P98: =bar!F21 -> 19 | Q98: =bar!H21 -> 0 | R98: =IF($B$2=1,-0.006,IF($D$83=0,$C$83,(P98-$E$83)*$D$83)) -> 0.003 | S98: =IF(R98<0,-1*IF(ABS(R98)>$N$75,$M$75,$M$75*ABS(R98)/$N$75),IF(ABS(R98)>$N$75,$M$75,$M$75*ABS(R98)/$N$75)) -> 4200 | T98: =IF(R98<0,0,Q98*S98)/1000 -> 0 | U98: =IF(R98>0,0,Q98*S98)/1000 -> 0 | V98: =T98*P98/100 -> 0 | W98: =U98*P98/100 -> 0
L99: =IF(Q99=0,0,IF(P99>$B$20,Q99,0)) -> 0 | M99: 20 | N99: =bar!B93 -> 11 | O99: =bar!E22 -> -14 | P99: =bar!F22 -> 19 | Q99: =bar!H22 -> 0 | R99: =IF($B$2=1,-0.006,IF($D$83=0,$C$83,(P99-$E$83)*$D$83)) -> 0.003 | S99: =IF(R99<0,-1*IF(ABS(R99)>$N$75,$M$75,$M$75*ABS(R99)/$N$75),IF(ABS(R99)>$N$75,$M$75,$M$75*ABS(R99)/$N$75)) -> 4200 | T99: =IF(R99<0,0,Q99*S99)/1000 -> 0 | U99: =IF(R99>0,0,Q99*S99)/1000 -> 0 | V99: =T99*P99/100 -> 0 | W99: =U99*P99/100 -> 0
L100: =IF(Q100=0,0,IF(P100>$B$20,Q100,0)) -> 2.85 | M100: 21 | N100: =bar!B94 -> 12 | O100: =bar!E23 -> -4.6666667 | P100: =bar!F23 -> 19 | Q100: =bar!H23 -> 2.85 | R100: =IF($B$2=1,-0.006,IF($D$83=0,$C$83,(P100-$E$83)*$D$83)) -> 0.003 | S100: =IF(R100<0,-1*IF(ABS(R100)>$N$75,$M$75,$M$75*ABS(R100)/$N$75),IF(ABS(R100)>$N$75,$M$75,$M$75*ABS(R100)/$N$75)) -> 4200 | T100: =IF(R100<0,0,Q100*S100)/1000 -> 11.97 | U100: =IF(R100>0,0,Q100*S100)/1000 -> 0 | V100: =T100*P100/100 -> 2.2743 | W100: =U100*P100/100 -> 0
L101: =IF(Q101=0,0,IF(P101>$B$20,Q101,0)) -> 0 | M101: 22 | N101: =bar!B95 -> 13 | O101: =bar!E24 -> -14 | P101: =bar!F24 -> 19 | Q101: =bar!H24 -> 0 | R101: =IF($B$2=1,-0.006,IF($D$83=0,$C$83,(P101-$E$83)*$D$83)) -> 0.003 | S101: =IF(R101<0,-1*IF(ABS(R101)>$N$75,$M$75,$M$75*ABS(R101)/$N$75),IF(ABS(R101)>$N$75,$M$75,$M$75*ABS(R101)/$N$75)) -> 4200 | T101: =IF(R101<0,0,Q101*S101)/1000 -> 0 | U101: =IF(R101>0,0,Q101*S101)/1000 -> 0 | V101: =T101*P101/100 -> 0 | W101: =U101*P101/100 -> 0
L102: =IF(Q102=0,0,IF(P102>$B$20,Q102,0)) -> 0 | M102: 23 | N102: =bar!B96 -> 14 | O102: =bar!E25 -> -14 | P102: =bar!F25 -> 19 | Q102: =bar!H25 -> 0 | R102: =IF($B$2=1,-0.006,IF($D$83=0,$C$83,(P102-$E$83)*$D$83)) -> 0.003 | S102: =IF(R102<0,-1*IF(ABS(R102)>$N$75,$M$75,$M$75*ABS(R102)/$N$75),IF(ABS(R102)>$N$75,$M$75,$M$75*ABS(R102)/$N$75)) -> 4200 | T102: =IF(R102<0,0,Q102*S102)/1000 -> 0 | U102: =IF(R102>0,0,Q102*S102)/1000 -> 0 | V102: =T102*P102/100 -> 0 | W102: =U102*P102/100 -> 0
L103: =IF(Q103=0,0,IF(P103>$B$20,Q103,0)) -> 2.85 | M103: 24 | N103: =bar!B97 -> 15 | O103: =bar!E26 -> -4.6666667 | P103: =bar!F26 -> -19 | Q103: =bar!H26 -> 2.85 | R103: =IF($B$2=1,-0.006,IF($D$83=0,$C$83,(P103-$E$83)*$D$83)) -> 0.003 | S103: =IF(R103<0,-1*IF(ABS(R103)>$N$75,$M$75,$M$75*ABS(R103)/$N$75),IF(ABS(R103)>$N$75,$M$75,$M$75*ABS(R103)/$N$75)) -> 4200 | T103: =IF(R103<0,0,Q103*S103)/1000 -> 11.97 | U103: =IF(R103>0,0,Q103*S103)/1000 -> 0 | V103: =T103*P103/100 -> -2.2743 | W103: =U103*P103/100 -> 0
L104: =IF(Q104=0,0,IF(P104>$B$20,Q104,0)) -> 0 | M104: 25 | N104: =bar!B98 -> 16 | O104: =bar!E27 -> -14 | P104: =bar!F27 -> 19 | Q104: =bar!H27 -> 0 | R104: =IF($B$2=1,-0.006,IF($D$83=0,$C$83,(P104-$E$83)*$D$83)) -> 0.003 | S104: =IF(R104<0,-1*IF(ABS(R104)>$N$75,$M$75,$M$75*ABS(R104)/$N$75),IF(ABS(R104)>$N$75,$M$75,$M$75*ABS(R104)/$N$75)) -> 4200 | T104: =IF(R104<0,0,Q104*S104)/1000 -> 0 | U104: =IF(R104>0,0,Q104*S104)/1000 -> 0 | V104: =T104*P104/100 -> 0 | W104: =U104*P104/100 -> 0
L105: =IF(Q105=0,0,IF(P105>$B$20,Q105,0)) -> 0 | M105: 26 | N105: =bar!B99 -> 17 | O105: =bar!E28 -> -14 | P105: =bar!F28 -> 19 | Q105: =bar!H28 -> 0 | R105: =IF($B$2=1,-0.006,IF($D$83=0,$C$83,(P105-$E$83)*$D$83)) -> 0.003 | S105: =IF(R105<0,-1*IF(ABS(R105)>$N$75,$M$75,$M$75*ABS(R105)/$N$75),IF(ABS(R105)>$N$75,$M$75,$M$75*ABS(R105)/$N$75)) -> 4200 | T105: =IF(R105<0,0,Q105*S105)/1000 -> 0 | U105: =IF(R105>0,0,Q105*S105)/1000 -> 0 | V105: =T105*P105/100 -> 0 | W105: =U105*P105/100 -> 0
L106: =IF(Q106=0,0,IF(P106>$B$20,Q106,0)) -> 0 | M106: 27 | N106: =bar!B100 -> 18 | O106: =bar!E29 -> -14 | P106: =bar!F29 -> 19 | Q106: =bar!H29 -> 0 | R106: =IF($B$2=1,-0.006,IF($D$83=0,$C$83,(P106-$E$83)*$D$83)) -> 0.003 | S106: =IF(R106<0,-1*IF(ABS(R106)>$N$75,$M$75,$M$75*ABS(R106)/$N$75),IF(ABS(R106)>$N$75,$M$75,$M$75*ABS(R106)/$N$75)) -> 4200 | T106: =IF(R106<0,0,Q106*S106)/1000 -> 0 | U106: =IF(R106>0,0,Q106*S106)/1000 -> 0 | V106: =T106*P106/100 -> 0 | W106: =U106*P106/100 -> 0
L107: =IF(Q107=0,0,IF(P107>$B$20,Q107,0)) -> 0 | M107: 28 | N107: =bar!B101 -> 19 | O107: =bar!E30 -> -14 | P107: =bar!F30 -> 19 | Q107: =bar!H30 -> 0 | R107: =IF($B$2=1,-0.006,IF($D$83=0,$C$83,(P107-$E$83)*$D$83)) -> 0.003 | S107: =IF(R107<0,-1*IF(ABS(R107)>$N$75,$M$75,$M$75*ABS(R107)/$N$75),IF(ABS(R107)>$N$75,$M$75,$M$75*ABS(R107)/$N$75)) -> 4200 | T107: =IF(R107<0,0,Q107*S107)/1000 -> 0 | U107: =IF(R107>0,0,Q107*S107)/1000 -> 0 | V107: =T107*P107/100 -> 0 | W107: =U107*P107/100 -> 0
L108: =IF(Q108=0,0,IF(P108>$B$20,Q108,0)) -> 0 | M108: 29 | N108: =bar!B102 -> 20 | O108: =bar!E31 -> -14 | P108: =bar!F31 -> 19 | Q108: =bar!H31 -> 0 | R108: =IF($B$2=1,-0.006,IF($D$83=0,$C$83,(P108-$E$83)*$D$83)) -> 0.003 | S108: =IF(R108<0,-1*IF(ABS(R108)>$N$75,$M$75,$M$75*ABS(R108)/$N$75),IF(ABS(R108)>$N$75,$M$75,$M$75*ABS(R108)/$N$75)) -> 4200 | T108: =IF(R108<0,0,Q108*S108)/1000 -> 0 | U108: =IF(R108>0,0,Q108*S108)/1000 -> 0 | V108: =T108*P108/100 -> 0 | W108: =U108*P108/100 -> 0
L109: =IF(Q109=0,0,IF(P109>$B$20,Q109,0)) -> 0 | M109: 30 | N109: =bar!B103 -> 1 | O109: =bar!E32 -> -14 | P109: =bar!F32 -> 19 | Q109: =bar!H32 -> 0 | R109: =IF($B$2=1,-0.006,IF($D$83=0,$C$83,(P109-$E$83)*$D$83)) -> 0.003 | S109: =IF(R109<0,-1*IF(ABS(R109)>$N$75,$M$75,$M$75*ABS(R109)/$N$75),IF(ABS(R109)>$N$75,$M$75,$M$75*ABS(R109)/$N$75)) -> 4200 | T109: =IF(R109<0,0,Q109*S109)/1000 -> 0 | U109: =IF(R109>0,0,Q109*S109)/1000 -> 0 | V109: =T109*P109/100 -> 0 | W109: =U109*P109/100 -> 0
...

Sheet R1
A1: Rotated Rectangle + Horizontal Cut (No VBA) | D1: 1.9 | E1: /20
A2: Cut position λ (0→y_min, 1→y_max) | B2: =D1/20 -> 0.095 | D2: β1= | E2: =check!G5 -> 0.85
A3: Input unit | B3: cm | D3: Output unit | E3: cm
A4: Width B (input unit) | B4: =check!C3 -> 50
A5: Deepth D (input unit) | B5: =check!C4 -> 40
A6: Rotate rectangle θ (deg, about origin) | B6: =90+check!C13 -> 90 | H6: cosθ | I6: sinθ
A7: Cut position 1-(1-λ)β1 | B7: =IF(B2=0,0,1-(1-B2)*E2) -> 0.23075 | D7: Keep side | E7: Above (y >= y_cut) | H7: =COS(RADIANS($B$6)) -> 6.1257423e-17 | I7: =SIN(RADIANS($B$6)) -> 1
A9: Unit scales (mm per unit)
A10: s_in | B10: =IF($B$3="mm",1,IF($B$3="cm",10,IF($B$3="m",1000,1))) -> 10
A11: s_out | B11: =IF($E$3="mm",1,IF($E$3="cm",10,IF($E$3="m",1000,1))) -> 10
A12: len_in_to_out | B12: =$B$10/$B$11 -> 1
A13: Rotated rectangle vertices (after rotation θ)
A14: Corner | B14: x0 | C14: y0 | D14: x_rot | E14: y_rot | F14: Inside?
A15: 1 | B15: =IF(A15=1,-$B$4/2,IF(A15=2,$B$4/2,IF(A15=3,$B$4/2,-$B$4/2))) -> -25 | C15: =IF(A15=1,$B$5/2,IF(A15=2,$B$5/2,IF(A15=3,-$B$5/2,-$B$5/2))) -> 20 | D15: =(B15)*$H$7 - (C15)*$I$7 -> -20 | E15: =(B15)*$I$7 + (C15)*$H$7 -> -25 | F15: =IF($E$7="Above (y >= y_cut)",E15>=$B$20,E15<=$B$20) -> FALSE
A16: 2 | B16: =IF(A16=1,-$B$4/2,IF(A16=2,$B$4/2,IF(A16=3,$B$4/2,-$B$4/2))) -> 25 | C16: =IF(A16=1,$B$5/2,IF(A16=2,$B$5/2,IF(A16=3,-$B$5/2,-$B$5/2))) -> 20 | D16: =(B16)*$H$7 - (C16)*$I$7 -> -20 | E16: =(B16)*$I$7 + (C16)*$H$7 -> 25 | F16: =IF($E$7="Above (y >= y_cut)",E16>=$B$20,E16<=$B$20) -> TRUE
A17: 3 | B17: =IF(A17=1,-$B$4/2,IF(A17=2,$B$4/2,IF(A17=3,$B$4/2,-$B$4/2))) -> 25 | C17: =IF(A17=1,$B$5/2,IF(A17=2,$B$5/2,IF(A17=3,-$B$5/2,-$B$5/2))) -> -20 | D17: =(B17)*$H$7 - (C17)*$I$7 -> 20 | E17: =(B17)*$I$7 + (C17)*$H$7 -> 25 | F17: =IF($E$7="Above (y >= y_cut)",E17>=$B$20,E17<=$B$20) -> TRUE
A18: 4 | B18: =IF(A18=1,-$B$4/2,IF(A18=2,$B$4/2,IF(A18=3,$B$4/2,-$B$4/2))) -> -25 | C18: =IF(A18=1,$B$5/2,IF(A18=2,$B$5/2,IF(A18=3,-$B$5/2,-$B$5/2))) -> -20 | D18: =(B18)*$H$7 - (C18)*$I$7 -> 20 | E18: =(B18)*$I$7 + (C18)*$H$7 -> -25 | F18: =IF($E$7="Above (y >= y_cut)",E18>=$B$20,E18<=$B$20) -> FALSE
G19: x | H19: y | I19: L
A20: y_cut (input unit) | B20: =$B$21 + $B$7*($D$21-$B$21) -> -13.4625 | C20: y_cut (output unit) | D20: =$B$20*$B$12 -> -13.4625 | E20: Nature ax= | F20: =$B$21 + $B$2*($D$21-$B$21) -> -20.25 | G20: =MIN(D15:D18) -> -20 | H20: =F20 -> -20.25 | I20: =D21-F20 -> 45.25
A21: y_min (input unit) | B21: =MIN($E$15:$E$18) -> -25 | C21: y_max (input unit) | D21: =MAX($E$15:$E$18) -> 25 | G21: =MAX(D15:D18) -> 20 | H21: =F20 -> -20.25
A23: Clipping edges (Sutherland–Hodgman for y >=/<= y_cut)
A24: Edge | B24: S idx | C24: E idx | D24: xS | E24: yS | F24: xE | G24: yE | H24: inS | I24: inE | J24: xInt | K24: nOut | L24: posStart | M24: xOut1 | N24: yOut1 | O24: xOut2 | P24: yOut2
A25: 1 | B25: 1 | C25: 2 | D25: =INDEX($D$15:$D$18,B25) -> -20 | E25: =INDEX($E$15:$E$18,B25) -> -25 | F25: =INDEX($D$15:$D$18,C25) -> -20 | G25: =INDEX($E$15:$E$18,C25) -> 25 | H25: =IF($E$7="Above (y >= y_cut)",E25>=$B$20,E25<=$B$20) -> FALSE | I25: =IF($E$7="Above (y >= y_cut)",G25>=$B$20,G25<=$B$20) -> TRUE | J25: =IF(H25<>I25,IF(G25=E25,"",D25 + ($B$20-E25)*(F25-D25)/(G25-E25)),"") -> -20 | K25: =IF(H25,1,IF(I25,2,0)) -> 2 | L25: 1 | M25: =IF(K25=0,"",IF(H25,IF(I25,F25,J25),J25)) -> -20 | N25: =IF(K25=0,"",IF(H25,IF(I25,G25,$B$20),$B$20)) -> -13.4625 | O25: =IF(K25<2,"",F25) -> -20 | P25: =IF(K25<2,"",G25) -> 25
A26: 2 | B26: 2 | C26: 3 | D26: =INDEX($D$15:$D$18,B26) -> -20 | E26: =INDEX($E$15:$E$18,B26) -> 25 | F26: =INDEX($D$15:$D$18,C26) -> 20 | G26: =INDEX($E$15:$E$18,C26) -> 25 | H26: =IF($E$7="Above (y >= y_cut)",E26>=$B$20,E26<=$B$20) -> TRUE | I26: =IF($E$7="Above (y >= y_cut)",G26>=$B$20,G26<=$B$20) -> TRUE | J26: =IF(H26<>I26,IF(G26=E26,"",D26 + ($B$20-E26)*(F26-D26)/(G26-E26)),"") | K26: =IF(H26,1,IF(I26,2,0)) -> 1 | L26: =L25+K25 -> 3 | M26: =IF(K26=0,"",IF(H26,IF(I26,F26,J26),J26)) -> 20 | N26: =IF(K26=0,"",IF(H26,IF(I26,G26,$B$20),$B$20)) -> 25 | O26: =IF(K26<2,"",F26) | P26: =IF(K26<2,"",G26)
A27: 3 | B27: 3 | C27: 4 | D27: =INDEX($D$15:$D$18,B27) -> 20 | E27: =INDEX($E$15:$E$18,B27) -> 25 | F27: =INDEX($D$15:$D$18,C27) -> 20 | G27: =INDEX($E$15:$E$18,C27) -> -25 | H27: =IF($E$7="Above (y >= y_cut)",E27>=$B$20,E27<=$B$20) -> TRUE | I27: =IF($E$7="Above (y >= y_cut)",G27>=$B$20,G27<=$B$20) -> FALSE | J27: =IF(H27<>I27,IF(G27=E27,"",D27 + ($B$20-E27)*(F27-D27)/(G27-E27)),"") -> 20 | K27: =IF(H27,1,IF(I27,2,0)) -> 1 | L27: =L26+K26 -> 4 | M27: =IF(K27=0,"",IF(H27,IF(I27,F27,J27),J27)) -> 20 | N27: =IF(K27=0,"",IF(H27,IF(I27,G27,$B$20),$B$20)) -> -13.4625 | O27: =IF(K27<2,"",F27) | P27: =IF(K27<2,"",G27)
A28: 4 | B28: 4 | C28: 1 | D28: =INDEX($D$15:$D$18,B28) -> 20 | E28: =INDEX($E$15:$E$18,B28) -> -25 | F28: =INDEX($D$15:$D$18,C28) -> -20 | G28: =INDEX($E$15:$E$18,C28) -> -25 | H28: =IF($E$7="Above (y >= y_cut)",E28>=$B$20,E28<=$B$20) -> FALSE | I28: =IF($E$7="Above (y >= y_cut)",G28>=$B$20,G28<=$B$20) -> FALSE | J28: =IF(H28<>I28,IF(G28=E28,"",D28 + ($B$20-E28)*(F28-D28)/(G28-E28)),"") | K28: =IF(H28,1,IF(I28,2,0)) -> 0 | L28: =L27+K27 -> 5 | M28: =IF(K28=0,"",IF(H28,IF(I28,F28,J28),J28)) | N28: =IF(K28=0,"",IF(H28,IF(I28,G28,$B$20),$B$20)) | O28: =IF(K28<2,"",F28) | P28: =IF(K28<2,"",G28)
A29: CLOSE | D29: =D25 -> -20 | E29: =E25 -> -25
A30: Total vertices N_out | B30: =SUM($K$25:$K$28) -> 4
A32: Clipped polygon vertices (in traversal order)
A33: k | B33: x_out (in) | C33: y_out (in) | D33: x_out (out) | E33: y_out (out) | F33: Δ | G33: x_term | H33: y_term
A34: 1 | B34: =IF($A34>$B$30,NA(),IF(K34=1,INDEX($M$25:$M$28,J34),INDEX($O$25:$O$28,J34))) -> -20 | C34: =IF($A34>$B$30,NA(),IF(K34=1,INDEX($N$25:$N$28,J34),INDEX($P$25:$P$28,J34))) -> -13.4625 | D34: =IF(ISNA(B34),NA(),B34*$B$12) -> -20 | E34: =IF(ISNA(C34),NA(),C34*$B$12) -> -13.4625 | F34: =IF($A34>$B$30,"",B34*M34-L34*C34) -> -769.25 | G34: =IF($A34>$B$30,"",(B34+L34)*F34) -> 30770 | H34: =IF($A34>$B$30,"",(C34+M34)*F34) -> -8875.2219 | I34: =IF($A34>$B$30,"",LOOKUP($A34,$L$25:$L$28,$A$25:$A$28)) -> 1 | J34: =IF($A34>$B$30,"",MATCH(I34,$A$25:$A$28,0)) -> 1 | K34: =IF($A34>$B$30,"",$A34-INDEX($L$25:$L$28,J34)+1) -> 1 | L34: =IF($A34>$B$30,"",IF($A34<$B$30,B35,$B$34)) -> -20 | M34: =IF($A34>$B$30,"",IF($A34<$B$30,C35,$C$34)) -> 25
A35: 2 | B35: =IF($A35>$B$30,NA(),IF(K35=1,INDEX($M$25:$M$28,J35),INDEX($O$25:$O$28,J35))) -> -20 | C35: =IF($A35>$B$30,NA(),IF(K35=1,INDEX($N$25:$N$28,J35),INDEX($P$25:$P$28,J35))) -> 25 | D35: =IF(ISNA(B35),NA(),B35*$B$12) -> -20 | E35: =IF(ISNA(C35),NA(),C35*$B$12) -> 25 | F35: =IF($A35>$B$30,"",B35*M35-L35*C35) -> -1000 | G35: =IF($A35>$B$30,"",(B35+L35)*F35) -> 0 | H35: =IF($A35>$B$30,"",(C35+M35)*F35) -> -50000 | I35: =IF($A35>$B$30,"",LOOKUP($A35,$L$25:$L$28,$A$25:$A$28)) -> 1 | J35: =IF($A35>$B$30,"",MATCH(I35,$A$25:$A$28,0)) -> 1 | K35: =IF($A35>$B$30,"",$A35-INDEX($L$25:$L$28,J35)+1) -> 2 | L35: =IF($A35>$B$30,"",IF($A35<$B$30,B36,$B$34)) -> 20 | M35: =IF($A35>$B$30,"",IF($A35<$B$30,C36,$C$34)) -> 25
A36: 3 | B36: =IF($A36>$B$30,NA(),IF(K36=1,INDEX($M$25:$M$28,J36),INDEX($O$25:$O$28,J36))) -> 20 | C36: =IF($A36>$B$30,NA(),IF(K36=1,INDEX($N$25:$N$28,J36),INDEX($P$25:$P$28,J36))) -> 25 | D36: =IF(ISNA(B36),NA(),B36*$B$12) -> 20 | E36: =IF(ISNA(C36),NA(),C36*$B$12) -> 25 | F36: =IF($A36>$B$30,"",B36*M36-L36*C36) -> -769.25 | G36: =IF($A36>$B$30,"",(B36+L36)*F36) -> -30770 | H36: =IF($A36>$B$30,"",(C36+M36)*F36) -> -8875.2219 | I36: =IF($A36>$B$30,"",LOOKUP($A36,$L$25:$L$28,$A$25:$A$28)) -> 2 | J36: =IF($A36>$B$30,"",MATCH(I36,$A$25:$A$28,0)) -> 2 | K36: =IF($A36>$B$30,"",$A36-INDEX($L$25:$L$28,J36)+1) -> 1 | L36: =IF($A36>$B$30,"",IF($A36<$B$30,B37,$B$34)) -> 20 | M36: =IF($A36>$B$30,"",IF($A36<$B$30,C37,$C$34)) -> -13.4625
A37: 4 | B37: =IF($A37>$B$30,NA(),IF(K37=1,INDEX($M$25:$M$28,J37),INDEX($O$25:$O$28,J37))) -> 20 | C37: =IF($A37>$B$30,NA(),IF(K37=1,INDEX($N$25:$N$28,J37),INDEX($P$25:$P$28,J37))) -> -13.4625 | D37: =IF(ISNA(B37),NA(),B37*$B$12) -> 20 | E37: =IF(ISNA(C37),NA(),C37*$B$12) -> -13.4625 | F37: =IF($A37>$B$30,"",B37*M37-L37*C37) -> -538.5 | G37: =IF($A37>$B$30,"",(B37+L37)*F37) -> 0 | H37: =IF($A37>$B$30,"",(C37+M37)*F37) -> 14499.112 | I37: =IF($A37>$B$30,"",LOOKUP($A37,$L$25:$L$28,$A$25:$A$28)) -> 3 | J37: =IF($A37>$B$30,"",MATCH(I37,$A$25:$A$28,0)) -> 3 | K37: =IF($A37>$B$30,"",$A37-INDEX($L$25:$L$28,J37)+1) -> 1 | L37: =IF($A37>$B$30,"",IF($A37<$B$30,B38,$B$34)) -> -20 | M37: =IF($A37>$B$30,"",IF($A37<$B$30,C38,$C$34)) -> -13.4625
A38: 5 | B38: =IF($A38>$B$30,NA(),IF(K38=1,INDEX($M$25:$M$28,J38),INDEX($O$25:$O$28,J38))) -> #N/A | C38: =IF($A38>$B$30,NA(),IF(K38=1,INDEX($N$25:$N$28,J38),INDEX($P$25:$P$28,J38))) -> #N/A | D38: =IF(ISNA(B38),NA(),B38*$B$12) -> #N/A | E38: =IF(ISNA(C38),NA(),C38*$B$12) -> #N/A | F38: =IF($A38>$B$30,"",B38*M38-L38*C38) | G38: =IF($A38>$B$30,"",(B38+L38)*F38) | H38: =IF($A38>$B$30,"",(C38+M38)*F38) | I38: =IF($A38>$B$30,"",LOOKUP($A38,$L$25:$L$28,$A$25:$A$28)) | J38: =IF($A38>$B$30,"",MATCH(I38,$A$25:$A$28,0)) | K38: =IF($A38>$B$30,"",$A38-INDEX($L$25:$L$28,J38)+1) | L38: =IF($A38>$B$30,"",IF($A38<$B$30,B39,$B$34)) | M38: =IF($A38>$B$30,"",IF($A38<$B$30,C39,$C$34))
A39: 6 | B39: =IF($A39>$B$30,NA(),IF(K39=1,INDEX($M$25:$M$28,J39),INDEX($O$25:$O$28,J39))) -> #N/A | C39: =IF($A39>$B$30,NA(),IF(K39=1,INDEX($N$25:$N$28,J39),INDEX($P$25:$P$28,J39))) -> #N/A | D39: =IF(ISNA(B39),NA(),B39*$B$12) -> #N/A | E39: =IF(ISNA(C39),NA(),C39*$B$12) -> #N/A | F39: =IF($A39>$B$30,"",B39*M39-L39*C39) | G39: =IF($A39>$B$30,"",(B39+L39)*F39) | H39: =IF($A39>$B$30,"",(C39+M39)*F39) | I39: =IF($A39>$B$30,"",LOOKUP($A39,$L$25:$L$28,$A$25:$A$28)) | J39: =IF($A39>$B$30,"",MATCH(I39,$A$25:$A$28,0)) | K39: =IF($A39>$B$30,"",$A39-INDEX($L$25:$L$28,J39)+1) | L39: =IF($A39>$B$30,"",IF($A39<$B$30,B40,$B$34)) | M39: =IF($A39>$B$30,"",IF($A39<$B$30,C40,$C$34))
A40: 7 | B40: =IF($A40>$B$30,NA(),IF(K40=1,INDEX($M$25:$M$28,J40),INDEX($O$25:$O$28,J40))) -> #N/A | C40: =IF($A40>$B$30,NA(),IF(K40=1,INDEX($N$25:$N$28,J40),INDEX($P$25:$P$28,J40))) -> #N/A | D40: =IF(ISNA(B40),NA(),B40*$B$12) -> #N/A | E40: =IF(ISNA(C40),NA(),C40*$B$12) -> #N/A | F40: =IF($A40>$B$30,"",B40*M40-L40*C40) | G40: =IF($A40>$B$30,"",(B40+L40)*F40) | H40: =IF($A40>$B$30,"",(C40+M40)*F40) | I40: =IF($A40>$B$30,"",LOOKUP($A40,$L$25:$L$28,$A$25:$A$28)) | J40: =IF($A40>$B$30,"",MATCH(I40,$A$25:$A$28,0)) | K40: =IF($A40>$B$30,"",$A40-INDEX($L$25:$L$28,J40)+1) | L40: =IF($A40>$B$30,"",IF($A40<$B$30,B41,$B$34)) | M40: =IF($A40>$B$30,"",IF($A40<$B$30,C41,$C$34))
A41: 8 | B41: =IF($A41>$B$30,NA(),IF(K41=1,INDEX($M$25:$M$28,J41),INDEX($O$25:$O$28,J41))) -> #N/A | C41: =IF($A41>$B$30,NA(),IF(K41=1,INDEX($N$25:$N$28,J41),INDEX($P$25:$P$28,J41))) -> #N/A | D41: =IF(ISNA(B41),NA(),B41*$B$12) -> #N/A | E41: =IF(ISNA(C41),NA(),C41*$B$12) -> #N/A | F41: =IF($A41>$B$30,"",B41*M41-L41*C41) | G41: =IF($A41>$B$30,"",(B41+L41)*F41) | H41: =IF($A41>$B$30,"",(C41+M41)*F41) | I41: =IF($A41>$B$30,"",LOOKUP($A41,$L$25:$L$28,$A$25:$A$28)) | J41: =IF($A41>$B$30,"",MATCH(I41,$A$25:$A$28,0)) | K41: =IF($A41>$B$30,"",$A41-INDEX($L$25:$L$28,J41)+1) | L41: =IF($A41>$B$30,"",IF($A41<$B$30,B42,$B$34)) | M41: =IF($A41>$B$30,"",IF($A41<$B$30,C42,$C$34))
A42: close | B42: =IF($B$30<1,NA(),B34) -> -20 | C42: =IF($B$30<1,NA(),C34) -> -13.4625 | D42: =IF($B$30<1,NA(),D34) -> -20 | E42: =IF($B$30<1,NA(),E34) -> -13.4625
A44: Results
A45: Signed area A_s (in^2) | B45: =0.5*SUM(F34:F41) -> -1538.5 | C45: =E$3&"^2" -> cm^2
A46: Area A (out^2) | B46: =ABS(B45)*($B$12^2) -> 1538.5 | C46: =E$3&"^2" -> cm^2
A47: Centroid x̄ (out) | B47: =IFERROR((SUM(G34:G41)/(6*B45))*$B$12,"") -> 0 | C47: =E$3 -> cm
A48: Centroid ȳ (out) | B48: =IFERROR((SUM(H34:H41)/(6*B45))*$B$12,"") -> 5.76875 | C48: =E$3 -> cm
F49: Plot helpers
F50: x_min | G50: =_xlfn.AGGREGATE(15,6,$D$34:$D$41,1) -> -20
F51: x_max | G51: =_xlfn.AGGREGATE(14,6,$D$34:$D$41,1) -> 20
F52: y_min | G52: =_xlfn.AGGREGATE(15,6,$E$34:$E$41,1) -> -13.4625
F53: y_max | G53: =_xlfn.AGGREGATE(14,6,$E$34:$E$41,1) -> 25
F54: midx | G54: =(G50+G51)/2 -> 0
F55: midy | G55: =(G52+G53)/2 -> 5.76875
F56: span | G56: =MAX(G51-G50,G53-G52)*1.1 -> 44
F58: Bounds points (invisible)
F59: x_b | G59: y_b
F60: =G54-G56/2 -> -22 | G60: =G55-G56/2 -> -16.23125
F61: =G54+G56/2 -> 22 | G61: =G55+G56/2 -> 27.76875
F63: Cut line
F64: x_cut | G64: y_cut
F65: =F60 -> -22 | G65: =$D$20 -> -13.4625
F66: =F61 -> 22 | G66: =$D$20 -> -13.4625
F68: Centroid
F69: x_cg | G69: y_cg
F70: =$B$47 -> 0 | G70: =$B$48 -> 5.76875
A72: RC 計算 | B72: P0=0.85fc*Ac | M72: 鋼筋計算
B73: Pc=0.85f'c×Ac | M73: fy | N73: εty | O73: E | P73: εy | Q73: εmax
B74: Mc=Pc×dc | M74: kgf/cm^2 | O74: kgf/cm^2
M75: =check!C10 -> 4200 | N75: =M75/O75 -> 0.0020588235 | O75: 2040000 | P75: =MIN(R80:R479) -> 8.2872928e-05 | Q75: =check!G85 -> 0
L77: 扣孔 | P77: Ymin | T77: tf | U77: tf | V77: tf-m | W77: tf-m
J78: =N75+C83 -> 0.0050588235 | L78: =SUM(L80:L479) -> 22.8 | P78: =MIN(P80:P479) -> -19 | S78: sum | T78: =SUM(T80:T479) -> 81.029436 | U78: =SUM(U80:U479) -> 0 | V78: =SUM(V80:V479) -> 9.3494612 | W78: =SUM(W80:W479) -> 0
M79: no | N79: θ | O79: X | P79: Y | Q79: As | R79: εty | S79: fy | T79: Ps | U79: Ts | V79: Psd | W79: Tsd
L80: =IF(Q80=0,0,IF(P80>$B$20,Q80,0)) -> 2.85 | M80: 1 | N80: =bar!B74 -> 12 | O80: =bar!E3 -> -14 | P80: =bar!F3 -> 19 | Q80: =bar!H3 -> 2.85 | R80: =IF($B$2=1,-0.006,IF($D$83=0,$C$83,(P80-$E$83)*$D$83)) -> 0.0026022099 | S80: =IF(R80<0,-1*IF(ABS(R80)>$N$75,$M$75,$M$75*ABS(R80)/$N$75),IF(ABS(R80)>$N$75,$M$75,$M$75*ABS(R80)/$N$75)) -> 4200 | T80: =IF(R80<0,0,Q80*S80)/1000 -> 11.97 | U80: =IF(R80>0,0,Q80*S80)/1000 -> 0 | V80: =T80*P80/100 -> 2.2743 | W80: =U80*P80/100 -> 0
B81: fc | C81: εc | D81: m | E81: 中性軸對應座標 | F81: 等值應力塊對應座標 | G81: 螺箍1橫箍2 | H81: a1 | I81: a2 | J81: 最外緣鋼筋 | K81: ψ | L81: =IF(Q81=0,0,IF(P81>$B$20,Q81,0)) -> 2.85 | M81: 2 | N81: =bar!B75 -> 13 | O81: =bar!E4 -> -14 | P81: =bar!F4 -> 6.3333333 | Q81: =bar!H4 -> 2.85 | R81: =IF($B$2=1,-0.006,IF($D$83=0,$C$83,(P81-$E$83)*$D$83)) -> 0.0017624309 | S81: =IF(R81<0,-1*IF(ABS(R81)>$N$75,$M$75,$M$75*ABS(R81)/$N$75),IF(ABS(R81)>$N$75,$M$75,$M$75*ABS(R81)/$N$75)) -> 3595.3591 | T81: =IF(R81<0,0,Q81*S81)/1000 -> 10.246773 | U81: =IF(R81>0,0,Q81*S81)/1000 -> 0 | V81: =T81*P81/100 -> 0.64896232 | W81: =U81*P81/100 -> 0
B82: kgf/cm^2 | D82: εc/x | J82: ε | L82: =IF(Q82=0,0,IF(P82>$B$20,Q82,0)) -> 2.85 | M82: 3 | N82: =bar!B76 -> 14 | O82: =bar!E5 -> -14 | P82: =bar!F5 -> -6.3333333 | Q82: =bar!H5 -> 2.85 | R82: =IF($B$2=1,-0.006,IF($D$83=0,$C$83,(P82-$E$83)*$D$83)) -> 0.00092265193 | S82: =IF(R82<0,-1*IF(ABS(R82)>$N$75,$M$75,$M$75*ABS(R82)/$N$75),IF(ABS(R82)>$N$75,$M$75,$M$75*ABS(R82)/$N$75)) -> 1882.2099 | T82: =IF(R82<0,0,Q82*S82)/1000 -> 5.3642983 | U82: =IF(R82>0,0,Q82*S82)/1000 -> 0 | V82: =T82*P82/100 -> -0.3397389 | W82: =U82*P82/100 -> 0
B83: =check!C5 -> 280 | C83: =check!G15 -> 0.003 | D83: =IF(I20=(D21-B21),0,C83/I20) -> 6.6298343e-05 | E83: =F20 -> -20.25 | F83: =B87/2-F87 -> 0 | G83: 2 | H83: =IF(G83=1,0.7,0.65) -> 0.65 | I83: =IF(G83=1,0.9-0.75,0.9-0.65) -> 0.25 | J83: =-1*P75 -> -8.2872928e-05 | K83: =IF(J83<N75,H83,IF(J83<(N75+C83),H83+(J83-N75)*I83/C83,0.9)) -> 0.65 | L83: =IF(Q83=0,0,IF(P83>$B$20,Q83,0)) -> 0 | M83: 4 | N83: =bar!B77 -> 15 | O83: =bar!E6 -> -14 | P83: =bar!F6 -> -19 | Q83: =bar!H6 -> 2.85 | R83: =IF($B$2=1,-0.006,IF($D$83=0,$C$83,(P83-$E$83)*$D$83)) -> 8.2872928e-05 | S83: =IF(R83<0,-1*IF(ABS(R83)>$N$75,$M$75,$M$75*ABS(R83)/$N$75),IF(ABS(R83)>$N$75,$M$75,$M$75*ABS(R83)/$N$75)) -> 169.06077 | T83: =IF(R83<0,0,Q83*S83)/1000 -> 0.4818232 | U83: =IF(R83>0,0,Q83*S83)/1000 -> 0 | V83: =T83*P83/100 -> -0.091546409 | W83: =U83*P83/100 -> 0
L84: =IF(Q84=0,0,IF(P84>$B$20,Q84,0)) -> 0 | M84: 5 | N84: =bar!B78 -> 16 | O84: =bar!E7 -> -14 | P84: =bar!F7 -> 19 | Q84: =bar!H7 -> 0 | R84: =IF($B$2=1,-0.006,IF($D$83=0,$C$83,(P84-$E$83)*$D$83)) -> 0.0026022099 | S84: =IF(R84<0,-1*IF(ABS(R84)>$N$75,$M$75,$M$75*ABS(R84)/$N$75),IF(ABS(R84)>$N$75,$M$75,$M$75*ABS(R84)/$N$75)) -> 4200 | T84: =IF(R84<0,0,Q84*S84)/1000 -> 0 | U84: =IF(R84>0,0,Q84*S84)/1000 -> 0 | V84: =T84*P84/100 -> 0 | W84: =U84*P84/100 -> 0
B85: D | C85: B | D85: x | E85: β1 | F85: β1*x | G85: a | H85: θ | I85: Ac | J85: e1 | K85: dc=D/2-e1 | L85: =IF(Q85=0,0,IF(P85>$B$20,Q85,0)) -> 0 | M85: 6 | N85: =bar!B79 -> 17 | O85: =bar!E8 -> -14 | P85: =bar!F8 -> 19 | Q85: =bar!H8 -> 0 | R85: =IF($B$2=1,-0.006,IF($D$83=0,$C$83,(P85-$E$83)*$D$83)) -> 0.0026022099 | S85: =IF(R85<0,-1*IF(ABS(R85)>$N$75,$M$75,$M$75*ABS(R85)/$N$75),IF(ABS(R85)>$N$75,$M$75,$M$75*ABS(R85)/$N$75)) -> 4200 | T85: =IF(R85<0,0,Q85*S85)/1000 -> 0 | U85: =IF(R85>0,0,Q85*S85)/1000 -> 0 | V85: =T85*P85/100 -> 0 | W85: =U85*P85/100 -> 0
B86: cm | C86: cm | D86: cm | F86: cm | G86: cm | I86: cm^2 | J86: cm | K86: cm | L86: =IF(Q86=0,0,IF(P86>$B$20,Q86,0)) -> 0 | M86: 7 | N86: =bar!B80 -> 18 | O86: =bar!E9 -> -14 | P86: =bar!F9 -> 19 | Q86: =bar!H9 -> 0 | R86: =IF($B$2=1,-0.006,IF($D$83=0,$C$83,(P86-$E$83)*$D$83)) -> 0.0026022099 | S86: =IF(R86<0,-1*IF(ABS(R86)>$N$75,$M$75,$M$75*ABS(R86)/$N$75),IF(ABS(R86)>$N$75,$M$75,$M$75*ABS(R86)/$N$75)) -> 4200 | T86: =IF(R86<0,0,Q86*S86)/1000 -> 0 | U86: =IF(R86>0,0,Q86*S86)/1000 -> 0 | V86: =T86*P86/100 -> 0 | W86: =U86*P86/100 -> 0
B87: =check!C76 -> 0 | C87: =check!$C$3 -> 50 | D87: =B87-A97/20*B87 -> 0 | E87: =IF(D87=B87,1,check!G77) -> 1 | F87: =E87*D87 -> 0 | G87: =C87-F87 -> 50 | H87: =DEGREES(ACOS(G87/C87))*2 -> 0 | I87: =B46-L78 -> 1515.7 | J87: =G70 -> 5.76875 | K87: =G70 -> 5.76875 | L87: =IF(Q87=0,0,IF(P87>$B$20,Q87,0)) -> 0 | M87: 8 | N87: =bar!B81 -> 19 | O87: =bar!E10 -> -14 | P87: =bar!F10 -> 19 | Q87: =bar!H10 -> 0 | R87: =IF($B$2=1,-0.006,IF($D$83=0,$C$83,(P87-$E$83)*$D$83)) -> 0.0026022099 | S87: =IF(R87<0,-1*IF(ABS(R87)>$N$75,$M$75,$M$75*ABS(R87)/$N$75),IF(ABS(R87)>$N$75,$M$75,$M$75*ABS(R87)/$N$75)) -> 4200 | T87: =IF(R87<0,0,Q87*S87)/1000 -> 0 | U87: =IF(R87>0,0,Q87*S87)/1000 -> 0 | V87: =T87*P87/100 -> 0 | W87: =U87*P87/100 -> 0
L88: =IF(Q88=0,0,IF(P88>$B$20,Q88,0)) -> 0 | M88: 9 | N88: =bar!B82 -> 20 | O88: =bar!E11 -> -14 | P88: =bar!F11 -> 19 | Q88: =bar!H11 -> 0 | R88: =IF($B$2=1,-0.006,IF($D$83=0,$C$83,(P88-$E$83)*$D$83)) -> 0.0026022099 | S88: =IF(R88<0,-1*IF(ABS(R88)>$N$75,$M$75,$M$75*ABS(R88)/$N$75),IF(ABS(R88)>$N$75,$M$75,$M$75*ABS(R88)/$N$75)) -> 4200 | T88: =IF(R88<0,0,Q88*S88)/1000 -> 0 | U88: =IF(R88>0,0,Q88*S88)/1000 -> 0 | V88: =T88*P88/100 -> 0 | W88: =U88*P88/100 -> 0
B89: Pc | C89: Mc | L89: =IF(Q89=0,0,IF(P89>$B$20,Q89,0)) -> 0 | M89: 10 | N89: =bar!B83 -> 1 | O89: =bar!E12 -> -14 | P89: =bar!F12 -> 19 | Q89: =bar!H12 -> 0 | R89: =IF($B$2=1,-0.006,IF($D$83=0,$C$83,(P89-$E$83)*$D$83)) -> 0.0026022099 | S89: =IF(R89<0,-1*IF(ABS(R89)>$N$75,$M$75,$M$75*ABS(R89)/$N$75),IF(ABS(R89)>$N$75,$M$75,$M$75*ABS(R89)/$N$75)) -> 4200 | T89: =IF(R89<0,0,Q89*S89)/1000 -> 0 | U89: =IF(R89>0,0,Q89*S89)/1000 -> 0 | V89: =T89*P89/100 -> 0 | W89: =U89*P89/100 -> 0
B90: tf | C90: tf-m | L90: =IF(Q90=0,0,IF(P90>$B$20,Q90,0)) -> 0 | M90: 11 | N90: =bar!B84 -> 2 | O90: =bar!E13 -> -14 | P90: =bar!F13 -> 19 | Q90: =bar!H13 -> 0 | R90: =IF($B$2=1,-0.006,IF($D$83=0,$C$83,(P90-$E$83)*$D$83)) -> 0.0026022099 | S90: =IF(R90<0,-1*IF(ABS(R90)>$N$75,$M$75,$M$75*ABS(R90)/$N$75),IF(ABS(R90)>$N$75,$M$75,$M$75*ABS(R90)/$N$75)) -> 4200 | T90: =IF(R90<0,0,Q90*S90)/1000 -> 0 | U90: =IF(R90>0,0,Q90*S90)/1000 -> 0 | V90: =T90*P90/100 -> 0 | W90: =U90*P90/100 -> 0
B91: =0.85*B83*I87/1000 -> 360.7366 | C91: =IFERROR(B91*K87/100,0) -> 20.809993 | L91: =IF(Q91=0,0,IF(P91>$B$20,Q91,0)) -> 0 | M91: 12 | N91: =bar!B85 -> 3 | O91: =bar!E14 -> -14 | P91: =bar!F14 -> 19 | Q91: =bar!H14 -> 0 | R91: =IF($B$2=1,-0.006,IF($D$83=0,$C$83,(P91-$E$83)*$D$83)) -> 0.0026022099 | S91: =IF(R91<0,-1*IF(ABS(R91)>$N$75,$M$75,$M$75*ABS(R91)/$N$75),IF(ABS(R91)>$N$75,$M$75,$M$75*ABS(R91)/$N$75)) -> 4200 | T91: =IF(R91<0,0,Q91*S91)/1000 -> 0 | U91: =IF(R91>0,0,Q91*S91)/1000 -> 0 | V91: =T91*P91/100 -> 0 | W91: =U91*P91/100 -> 0
L92: =IF(Q92=0,0,IF(P92>$B$20,Q92,0)) -> 0 | M92: 13 | N92: =bar!B86 -> 4 | O92: =bar!E15 -> -14 | P92: =bar!F15 -> 19 | Q92: =bar!H15 -> 0 | R92: =IF($B$2=1,-0.006,IF($D$83=0,$C$83,(P92-$E$83)*$D$83)) -> 0.0026022099 | S92: =IF(R92<0,-1*IF(ABS(R92)>$N$75,$M$75,$M$75*ABS(R92)/$N$75),IF(ABS(R92)>$N$75,$M$75,$M$75*ABS(R92)/$N$75)) -> 4200 | T92: =IF(R92<0,0,Q92*S92)/1000 -> 0 | U92: =IF(R92>0,0,Q92*S92)/1000 -> 0 | V92: =T92*P92/100 -> 0 | W92: =U92*P92/100 -> 0
L93: =IF(Q93=0,0,IF(P93>$B$20,Q93,0)) -> 0 | M93: 14 | N93: =bar!B87 -> 5 | O93: =bar!E16 -> -14 | P93: =bar!F16 -> 19 | Q93: =bar!H16 -> 0 | R93: =IF($B$2=1,-0.006,IF($D$83=0,$C$83,(P93-$E$83)*$D$83)) -> 0.0026022099 | S93: =IF(R93<0,-1*IF(ABS(R93)>$N$75,$M$75,$M$75*ABS(R93)/$N$75),IF(ABS(R93)>$N$75,$M$75,$M$75*ABS(R93)/$N$75)) -> 4200 | T93: =IF(R93<0,0,Q93*S93)/1000 -> 0 | U93: =IF(R93>0,0,Q93*S93)/1000 -> 0 | V93: =T93*P93/100 -> 0 | W93: =U93*P93/100 -> 0
B94: 總應力計算 | L94: =IF(Q94=0,0,IF(P94>$B$20,Q94,0)) -> 0 | M94: 15 | N94: =bar!B88 -> 6 | O94: =bar!E17 -> -14 | P94: =bar!F17 -> 19 | Q94: =bar!H17 -> 0 | R94: =IF($B$2=1,-0.006,IF($D$83=0,$C$83,(P94-$E$83)*$D$83)) -> 0.0026022099 | S94: =IF(R94<0,-1*IF(ABS(R94)>$N$75,$M$75,$M$75*ABS(R94)/$N$75),IF(ABS(R94)>$N$75,$M$75,$M$75*ABS(R94)/$N$75)) -> 4200 | T94: =IF(R94<0,0,Q94*S94)/1000 -> 0 | U94: =IF(R94>0,0,Q94*S94)/1000 -> 0 | V94: =T94*P94/100 -> 0 | W94: =U94*P94/100 -> 0
B95: Mn | C95: Pn | D95: ψ | L95: =IF(Q95=0,0,IF(P95>$B$20,Q95,0)) -> 0 | M95: 16 | N95: =bar!B89 -> 7 | O95: =bar!E18 -> -14 | P95: =bar!F18 -> 19 | Q95: =bar!H18 -> 0 | R95: =IF($B$2=1,-0.006,IF($D$83=0,$C$83,(P95-$E$83)*$D$83)) -> 0.0026022099 | S95: =IF(R95<0,-1*IF(ABS(R95)>$N$75,$M$75,$M$75*ABS(R95)/$N$75),IF(ABS(R95)>$N$75,$M$75,$M$75*ABS(R95)/$N$75)) -> 4200 | T95: =IF(R95<0,0,Q95*S95)/1000 -> 0 | U95: =IF(R95>0,0,Q95*S95)/1000 -> 0 | V95: =T95*P95/100 -> 0 | W95: =U95*P95/100 -> 0
B96: tf-m | C96: tf | L96: =IF(Q96=0,0,IF(P96>$B$20,Q96,0)) -> 0 | M96: 17 | N96: =bar!B90 -> 8 | O96: =bar!E19 -> -14 | P96: =bar!F19 -> 19 | Q96: =bar!H19 -> 0 | R96: =IF($B$2=1,-0.006,IF($D$83=0,$C$83,(P96-$E$83)*$D$83)) -> 0.0026022099 | S96: =IF(R96<0,-1*IF(ABS(R96)>$N$75,$M$75,$M$75*ABS(R96)/$N$75),IF(ABS(R96)>$N$75,$M$75,$M$75*ABS(R96)/$N$75)) -> 4200 | T96: =IF(R96<0,0,Q96*S96)/1000 -> 0 | U96: =IF(R96>0,0,Q96*S96)/1000 -> 0 | V96: =T96*P96/100 -> 0 | W96: =U96*P96/100 -> 0
A97: =D1 -> 1.9 | B97: =C91+V78+W78 -> 30.159454 | C97: =B91+T78+U78 -> 441.76604 | D97: =K83 -> 0.65 | L97: =IF(Q97=0,0,IF(P97>$B$20,Q97,0)) -> 0 | M97: 18 | N97: =bar!B91 -> 9 | O97: =bar!E20 -> -14 | P97: =bar!F20 -> 19 | Q97: =bar!H20 -> 0 | R97: =IF($B$2=1,-0.006,IF($D$83=0,$C$83,(P97-$E$83)*$D$83)) -> 0.0026022099 | S97: =IF(R97<0,-1*IF(ABS(R97)>$N$75,$M$75,$M$75*ABS(R97)/$N$75),IF(ABS(R97)>$N$75,$M$75,$M$75*ABS(R97)/$N$75)) -> 4200 | T97: =IF(R97<0,0,Q97*S97)/1000 -> 0 | U97: =IF(R97>0,0,Q97*S97)/1000 -> 0 | V97: =T97*P97/100 -> 0 | W97: =U97*P97/100 -> 0
L98: =IF(Q98=0,0,IF(P98>$B$20,Q98,0)) -> 0 | M98: 19 | N98: =bar!B92 -> 10 | O98: =bar!E21 -> -14 | P98: =bar!F21 -> 19 | Q98: =bar!H21 -> 0 | R98: =IF($B$2=1,-0.006,IF($D$83=0,$C$83,(P98-$E$83)*$D$83)) -> 0.0026022099 | S98: =IF(R98<0,-1*IF(ABS(R98)>$N$75,$M$75,$M$75*ABS(R98)/$N$75),IF(ABS(R98)>$N$75,$M$75,$M$75*ABS(R98)/$N$75)) -> 4200 | T98: =IF(R98<0,0,Q98*S98)/1000 -> 0 | U98: =IF(R98>0,0,Q98*S98)/1000 -> 0 | V98: =T98*P98/100 -> 0 | W98: =U98*P98/100 -> 0
L99: =IF(Q99=0,0,IF(P99>$B$20,Q99,0)) -> 0 | M99: 20 | N99: =bar!B93 -> 11 | O99: =bar!E22 -> -14 | P99: =bar!F22 -> 19 | Q99: =bar!H22 -> 0 | R99: =IF($B$2=1,-0.006,IF($D$83=0,$C$83,(P99-$E$83)*$D$83)) -> 0.0026022099 | S99: =IF(R99<0,-1*IF(ABS(R99)>$N$75,$M$75,$M$75*ABS(R99)/$N$75),IF(ABS(R99)>$N$75,$M$75,$M$75*ABS(R99)/$N$75)) -> 4200 | T99: =IF(R99<0,0,Q99*S99)/1000 -> 0 | U99: =IF(R99>0,0,Q99*S99)/1000 -> 0 | V99: =T99*P99/100 -> 0 | W99: =U99*P99/100 -> 0
L100: =IF(Q100=0,0,IF(P100>$B$20,Q100,0)) -> 2.85 | M100: 21 | N100: =bar!B94 -> 12 | O100: =bar!E23 -> -4.6666667 | P100: =bar!F23 -> 19 | Q100: =bar!H23 -> 2.85 | R100: =IF($B$2=1,-0.006,IF($D$83=0,$C$83,(P100-$E$83)*$D$83)) -> 0.0026022099 | S100: =IF(R100<0,-1*IF(ABS(R100)>$N$75,$M$75,$M$75*ABS(R100)/$N$75),IF(ABS(R100)>$N$75,$M$75,$M$75*ABS(R100)/$N$75)) -> 4200 | T100: =IF(R100<0,0,Q100*S100)/1000 -> 11.97 | U100: =IF(R100>0,0,Q100*S100)/1000 -> 0 | V100: =T100*P100/100 -> 2.2743 | W100: =U100*P100/100 -> 0
L101: =IF(Q101=0,0,IF(P101>$B$20,Q101,0)) -> 0 | M101: 22 | N101: =bar!B95 -> 13 | O101: =bar!E24 -> -14 | P101: =bar!F24 -> 19 | Q101: =bar!H24 -> 0 | R101: =IF($B$2=1,-0.006,IF($D$83=0,$C$83,(P101-$E$83)*$D$83)) -> 0.0026022099 | S101: =IF(R101<0,-1*IF(ABS(R101)>$N$75,$M$75,$M$75*ABS(R101)/$N$75),IF(ABS(R101)>$N$75,$M$75,$M$75*ABS(R101)/$N$75)) -> 4200 | T101: =IF(R101<0,0,Q101*S101)/1000 -> 0 | U101: =IF(R101>0,0,Q101*S101)/1000 -> 0 | V101: =T101*P101/100 -> 0 | W101: =U101*P101/100 -> 0
L102: =IF(Q102=0,0,IF(P102>$B$20,Q102,0)) -> 0 | M102: 23 | N102: =bar!B96 -> 14 | O102: =bar!E25 -> -14 | P102: =bar!F25 -> 19 | Q102: =bar!H25 -> 0 | R102: =IF($B$2=1,-0.006,IF($D$83=0,$C$83,(P102-$E$83)*$D$83)) -> 0.0026022099 | S102: =IF(R102<0,-1*IF(ABS(R102)>$N$75,$M$75,$M$75*ABS(R102)/$N$75),IF(ABS(R102)>$N$75,$M$75,$M$75*ABS(R102)/$N$75)) -> 4200 | T102: =IF(R102<0,0,Q102*S102)/1000 -> 0 | U102: =IF(R102>0,0,Q102*S102)/1000 -> 0 | V102: =T102*P102/100 -> 0 | W102: =U102*P102/100 -> 0
L103: =IF(Q103=0,0,IF(P103>$B$20,Q103,0)) -> 0 | M103: 24 | N103: =bar!B97 -> 15 | O103: =bar!E26 -> -4.6666667 | P103: =bar!F26 -> -19 | Q103: =bar!H26 -> 2.85 | R103: =IF($B$2=1,-0.006,IF($D$83=0,$C$83,(P103-$E$83)*$D$83)) -> 8.2872928e-05 | S103: =IF(R103<0,-1*IF(ABS(R103)>$N$75,$M$75,$M$75*ABS(R103)/$N$75),IF(ABS(R103)>$N$75,$M$75,$M$75*ABS(R103)/$N$75)) -> 169.06077 | T103: =IF(R103<0,0,Q103*S103)/1000 -> 0.4818232 | U103: =IF(R103>0,0,Q103*S103)/1000 -> 0 | V103: =T103*P103/100 -> -0.091546409 | W103: =U103*P103/100 -> 0
L104: =IF(Q104=0,0,IF(P104>$B$20,Q104,0)) -> 0 | M104: 25 | N104: =bar!B98 -> 16 | O104: =bar!E27 -> -14 | P104: =bar!F27 -> 19 | Q104: =bar!H27 -> 0 | R104: =IF($B$2=1,-0.006,IF($D$83=0,$C$83,(P104-$E$83)*$D$83)) -> 0.0026022099 | S104: =IF(R104<0,-1*IF(ABS(R104)>$N$75,$M$75,$M$75*ABS(R104)/$N$75),IF(ABS(R104)>$N$75,$M$75,$M$75*ABS(R104)/$N$75)) -> 4200 | T104: =IF(R104<0,0,Q104*S104)/1000 -> 0 | U104: =IF(R104>0,0,Q104*S104)/1000 -> 0 | V104: =T104*P104/100 -> 0 | W104: =U104*P104/100 -> 0
L105: =IF(Q105=0,0,IF(P105>$B$20,Q105,0)) -> 0 | M105: 26 | N105: =bar!B99 -> 17 | O105: =bar!E28 -> -14 | P105: =bar!F28 -> 19 | Q105: =bar!H28 -> 0 | R105: =IF($B$2=1,-0.006,IF($D$83=0,$C$83,(P105-$E$83)*$D$83)) -> 0.0026022099 | S105: =IF(R105<0,-1*IF(ABS(R105)>$N$75,$M$75,$M$75*ABS(R105)/$N$75),IF(ABS(R105)>$N$75,$M$75,$M$75*ABS(R105)/$N$75)) -> 4200 | T105: =IF(R105<0,0,Q105*S105)/1000 -> 0 | U105: =IF(R105>0,0,Q105*S105)/1000 -> 0 | V105: =T105*P105/100 -> 0 | W105: =U105*P105/100 -> 0
L106: =IF(Q106=0,0,IF(P106>$B$20,Q106,0)) -> 0 | M106: 27 | N106: =bar!B100 -> 18 | O106: =bar!E29 -> -14 | P106: =bar!F29 -> 19 | Q106: =bar!H29 -> 0 | R106: =IF($B$2=1,-0.006,IF($D$83=0,$C$83,(P106-$E$83)*$D$83)) -> 0.0026022099 | S106: =IF(R106<0,-1*IF(ABS(R106)>$N$75,$M$75,$M$75*ABS(R106)/$N$75),IF(ABS(R106)>$N$75,$M$75,$M$75*ABS(R106)/$N$75)) -> 4200 | T106: =IF(R106<0,0,Q106*S106)/1000 -> 0 | U106: =IF(R106>0,0,Q106*S106)/1000 -> 0 | V106: =T106*P106/100 -> 0 | W106: =U106*P106/100 -> 0
L107: =IF(Q107=0,0,IF(P107>$B$20,Q107,0)) -> 0 | M107: 28 | N107: =bar!B101 -> 19 | O107: =bar!E30 -> -14 | P107: =bar!F30 -> 19 | Q107: =bar!H30 -> 0 | R107: =IF($B$2=1,-0.006,IF($D$83=0,$C$83,(P107-$E$83)*$D$83)) -> 0.0026022099 | S107: =IF(R107<0,-1*IF(ABS(R107)>$N$75,$M$75,$M$75*ABS(R107)/$N$75),IF(ABS(R107)>$N$75,$M$75,$M$75*ABS(R107)/$N$75)) -> 4200 | T107: =IF(R107<0,0,Q107*S107)/1000 -> 0 | U107: =IF(R107>0,0,Q107*S107)/1000 -> 0 | V107: =T107*P107/100 -> 0 | W107: =U107*P107/100 -> 0
L108: =IF(Q108=0,0,IF(P108>$B$20,Q108,0)) -> 0 | M108: 29 | N108: =bar!B102 -> 20 | O108: =bar!E31 -> -14 | P108: =bar!F31 -> 19 | Q108: =bar!H31 -> 0 | R108: =IF($B$2=1,-0.006,IF($D$83=0,$C$83,(P108-$E$83)*$D$83)) -> 0.0026022099 | S108: =IF(R108<0,-1*IF(ABS(R108)>$N$75,$M$75,$M$75*ABS(R108)/$N$75),IF(ABS(R108)>$N$75,$M$75,$M$75*ABS(R108)/$N$75)) -> 4200 | T108: =IF(R108<0,0,Q108*S108)/1000 -> 0 | U108: =IF(R108>0,0,Q108*S108)/1000 -> 0 | V108: =T108*P108/100 -> 0 | W108: =U108*P108/100 -> 0
L109: =IF(Q109=0,0,IF(P109>$B$20,Q109,0)) -> 0 | M109: 30 | N109: =bar!B103 -> 1 | O109: =bar!E32 -> -14 | P109: =bar!F32 -> 19 | Q109: =bar!H32 -> 0 | R109: =IF($B$2=1,-0.006,IF($D$83=0,$C$83,(P109-$E$83)*$D$83)) -> 0.0026022099 | S109: =IF(R109<0,-1*IF(ABS(R109)>$N$75,$M$75,$M$75*ABS(R109)/$N$75),IF(ABS(R109)>$N$75,$M$75,$M$75*ABS(R109)/$N$75)) -> 4200 | T109: =IF(R109<0,0,Q109*S109)/1000 -> 0 | U109: =IF(R109>0,0,Q109*S109)/1000 -> 0 | V109: =T109*P109/100 -> 0 | W109: =U109*P109/100 -> 0
...

Sheet R2
A1: Rotated Rectangle + Horizontal Cut (No VBA) | D1: 2 | E1: /20
A2: Cut position λ (0→y_min, 1→y_max) | B2: =D1/20 -> 0.1 | D2: β1= | E2: =check!G5 -> 0.85
A3: Input unit | B3: cm | D3: Output unit | E3: cm
A4: Width B (input unit) | B4: =check!C3 -> 50
A5: Deepth D (input unit) | B5: =check!C4 -> 40
A6: Rotate rectangle θ (deg, about origin) | B6: =90+check!C13 -> 90 | H6: cosθ | I6: sinθ
A7: Cut position 1-(1-λ)β1 | B7: =IF(B2=0,0,1-(1-B2)*E2) -> 0.235 | D7: Keep side | E7: Above (y >= y_cut) | H7: =COS(RADIANS($B$6)) -> 6.1257423e-17 | I7: =SIN(RADIANS($B$6)) -> 1
A9: Unit scales (mm per unit)
A10: s_in | B10: =IF($B$3="mm",1,IF($B$3="cm",10,IF($B$3="m",1000,1))) -> 10
A11: s_out | B11: =IF($E$3="mm",1,IF($E$3="cm",10,IF($E$3="m",1000,1))) -> 10
A12: len_in_to_out | B12: =$B$10/$B$11 -> 1
A13: Rotated rectangle vertices (after rotation θ)
A14: Corner | B14: x0 | C14: y0 | D14: x_rot | E14: y_rot | F14: Inside?
A15: 1 | B15: =IF(A15=1,-$B$4/2,IF(A15=2,$B$4/2,IF(A15=3,$B$4/2,-$B$4/2))) -> -25 | C15: =IF(A15=1,$B$5/2,IF(A15=2,$B$5/2,IF(A15=3,-$B$5/2,-$B$5/2))) -> 20 | D15: =(B15)*$H$7 - (C15)*$I$7 -> -20 | E15: =(B15)*$I$7 + (C15)*$H$7 -> -25 | F15: =IF($E$7="Above (y >= y_cut)",E15>=$B$20,E15<=$B$20) -> FALSE
A16: 2 | B16: =IF(A16=1,-$B$4/2,IF(A16=2,$B$4/2,IF(A16=3,$B$4/2,-$B$4/2))) -> 25 | C16: =IF(A16=1,$B$5/2,IF(A16=2,$B$5/2,IF(A16=3,-$B$5/2,-$B$5/2))) -> 20 | D16: =(B16)*$H$7 - (C16)*$I$7 -> -20 | E16: =(B16)*$I$7 + (C16)*$H$7 -> 25 | F16: =IF($E$7="Above (y >= y_cut)",E16>=$B$20,E16<=$B$20) -> TRUE
A17: 3 | B17: =IF(A17=1,-$B$4/2,IF(A17=2,$B$4/2,IF(A17=3,$B$4/2,-$B$4/2))) -> 25 | C17: =IF(A17=1,$B$5/2,IF(A17=2,$B$5/2,IF(A17=3,-$B$5/2,-$B$5/2))) -> -20 | D17: =(B17)*$H$7 - (C17)*$I$7 -> 20 | E17: =(B17)*$I$7 + (C17)*$H$7 -> 25 | F17: =IF($E$7="Above (y >= y_cut)",E17>=$B$20,E17<=$B$20) -> TRUE
A18: 4 | B18: =IF(A18=1,-$B$4/2,IF(A18=2,$B$4/2,IF(A18=3,$B$4/2,-$B$4/2))) -> -25 | C18: =IF(A18=1,$B$5/2,IF(A18=2,$B$5/2,IF(A18=3,-$B$5/2,-$B$5/2))) -> -20 | D18: =(B18)*$H$7 - (C18)*$I$7 -> 20 | E18: =(B18)*$I$7 + (C18)*$H$7 -> -25 | F18: =IF($E$7="Above (y >= y_cut)",E18>=$B$20,E18<=$B$20) -> FALSE
G19: x | H19: y | I19: L
A20: y_cut (input unit) | B20: =$B$21 + $B$7*($D$21-$B$21) -> -13.25 | C20: y_cut (output unit) | D20: =$B$20*$B$12 -> -13.25 | E20: Nature ax= | F20: =$B$21 + $B$2*($D$21-$B$21) -> -20 | G20: =MIN(D15:D18) -> -20 | H20: =F20 -> -20 | I20: =D21-F20 -> 45
A21: y_min (input unit) | B21: =MIN($E$15:$E$18) -> -25 | C21: y_max (input unit) | D21: =MAX($E$15:$E$18) -> 25 | G21: =MAX(D15:D18) -> 20 | H21: =F20 -> -20
A23: Clipping edges (Sutherland–Hodgman for y >=/<= y_cut)
A24: Edge | B24: S idx | C24: E idx | D24: xS | E24: yS | F24: xE | G24: yE | H24: inS | I24: inE | J24: xInt | K24: nOut | L24: posStart | M24: xOut1 | N24: yOut1 | O24: xOut2 | P24: yOut2
A25: 1 | B25: 1 | C25: 2 | D25: =INDEX($D$15:$D$18,B25) -> -20 | E25: =INDEX($E$15:$E$18,B25) -> -25 | F25: =INDEX($D$15:$D$18,C25) -> -20 | G25: =INDEX($E$15:$E$18,C25) -> 25 | H25: =IF($E$7="Above (y >= y_cut)",E25>=$B$20,E25<=$B$20) -> FALSE | I25: =IF($E$7="Above (y >= y_cut)",G25>=$B$20,G25<=$B$20) -> TRUE | J25: =IF(H25<>I25,IF(G25=E25,"",D25 + ($B$20-E25)*(F25-D25)/(G25-E25)),"") -> -20 | K25: =IF(H25,1,IF(I25,2,0)) -> 2 | L25: 1 | M25: =IF(K25=0,"",IF(H25,IF(I25,F25,J25),J25)) -> -20 | N25: =IF(K25=0,"",IF(H25,IF(I25,G25,$B$20),$B$20)) -> -13.25 | O25: =IF(K25<2,"",F25) -> -20 | P25: =IF(K25<2,"",G25) -> 25
A26: 2 | B26: 2 | C26: 3 | D26: =INDEX($D$15:$D$18,B26) -> -20 | E26: =INDEX($E$15:$E$18,B26) -> 25 | F26: =INDEX($D$15:$D$18,C26) -> 20 | G26: =INDEX($E$15:$E$18,C26) -> 25 | H26: =IF($E$7="Above (y >= y_cut)",E26>=$B$20,E26<=$B$20) -> TRUE | I26: =IF($E$7="Above (y >= y_cut)",G26>=$B$20,G26<=$B$20) -> TRUE | J26: =IF(H26<>I26,IF(G26=E26,"",D26 + ($B$20-E26)*(F26-D26)/(G26-E26)),"") | K26: =IF(H26,1,IF(I26,2,0)) -> 1 | L26: =L25+K25 -> 3 | M26: =IF(K26=0,"",IF(H26,IF(I26,F26,J26),J26)) -> 20 | N26: =IF(K26=0,"",IF(H26,IF(I26,G26,$B$20),$B$20)) -> 25 | O26: =IF(K26<2,"",F26) | P26: =IF(K26<2,"",G26)
A27: 3 | B27: 3 | C27: 4 | D27: =INDEX($D$15:$D$18,B27) -> 20 | E27: =INDEX($E$15:$E$18,B27) -> 25 | F27: =INDEX($D$15:$D$18,C27) -> 20 | G27: =INDEX($E$15:$E$18,C27) -> -25 | H27: =IF($E$7="Above (y >= y_cut)",E27>=$B$20,E27<=$B$20) -> TRUE | I27: =IF($E$7="Above (y >= y_cut)",G27>=$B$20,G27<=$B$20) -> FALSE | J27: =IF(H27<>I27,IF(G27=E27,"",D27 + ($B$20-E27)*(F27-D27)/(G27-E27)),"") -> 20 | K27: =IF(H27,1,IF(I27,2,0)) -> 1 | L27: =L26+K26 -> 4 | M27: =IF(K27=0,"",IF(H27,IF(I27,F27,J27),J27)) -> 20 | N27: =IF(K27=0,"",IF(H27,IF(I27,G27,$B$20),$B$20)) -> -13.25 | O27: =IF(K27<2,"",F27) | P27: =IF(K27<2,"",G27)
A28: 4 | B28: 4 | C28: 1 | D28: =INDEX($D$15:$D$18,B28) -> 20 | E28: =INDEX($E$15:$E$18,B28) -> -25 | F28: =INDEX($D$15:$D$18,C28) -> -20 | G28: =INDEX($E$15:$E$18,C28) -> -25 | H28: =IF($E$7="Above (y >= y_cut)",E28>=$B$20,E28<=$B$20) -> FALSE | I28: =IF($E$7="Above (y >= y_cut)",G28>=$B$20,G28<=$B$20) -> FALSE | J28: =IF(H28<>I28,IF(G28=E28,"",D28 + ($B$20-E28)*(F28-D28)/(G28-E28)),"") | K28: =IF(H28,1,IF(I28,2,0)) -> 0 | L28: =L27+K27 -> 5 | M28: =IF(K28=0,"",IF(H28,IF(I28,F28,J28),J28)) | N28: =IF(K28=0,"",IF(H28,IF(I28,G28,$B$20),$B$20)) | O28: =IF(K28<2,"",F28) | P28: =IF(K28<2,"",G28)
A29: CLOSE | D29: =D25 -> -20 | E29: =E25 -> -25
A30: Total vertices N_out | B30: =SUM($K$25:$K$28) -> 4
A32: Clipped polygon vertices (in traversal order)
A33: k | B33: x_out (in) | C33: y_out (in) | D33: x_out (out) | E33: y_out (out) | F33: Δ | G33: x_term | H33: y_term
A34: 1 | B34: =IF($A34>$B$30,NA(),IF(K34=1,INDEX($M$25:$M$28,J34),INDEX($O$25:$O$28,J34))) -> -20 | C34: =IF($A34>$B$30,NA(),IF(K34=1,INDEX($N$25:$N$28,J34),INDEX($P$25:$P$28,J34))) -> -13.25 | D34: =IF(ISNA(B34),NA(),B34*$B$12) -> -20 | E34: =IF(ISNA(C34),NA(),C34*$B$12) -> -13.25 | F34: =IF($A34>$B$30,"",B34*M34-L34*C34) -> -765 | G34: =IF($A34>$B$30,"",(B34+L34)*F34) -> 30600 | H34: =IF($A34>$B$30,"",(C34+M34)*F34) -> -8988.75 | I34: =IF($A34>$B$30,"",LOOKUP($A34,$L$25:$L$28,$A$25:$A$28)) -> 1 | J34: =IF($A34>$B$30,"",MATCH(I34,$A$25:$A$28,0)) -> 1 | K34: =IF($A34>$B$30,"",$A34-INDEX($L$25:$L$28,J34)+1) -> 1 | L34: =IF($A34>$B$30,"",IF($A34<$B$30,B35,$B$34)) -> -20 | M34: =IF($A34>$B$30,"",IF($A34<$B$30,C35,$C$34)) -> 25
A35: 2 | B35: =IF($A35>$B$30,NA(),IF(K35=1,INDEX($M$25:$M$28,J35),INDEX($O$25:$O$28,J35))) -> -20 | C35: =IF($A35>$B$30,NA(),IF(K35=1,INDEX($N$25:$N$28,J35),INDEX($P$25:$P$28,J35))) -> 25 | D35: =IF(ISNA(B35),NA(),B35*$B$12) -> -20 | E35: =IF(ISNA(C35),NA(),C35*$B$12) -> 25 | F35: =IF($A35>$B$30,"",B35*M35-L35*C35) -> -1000 | G35: =IF($A35>$B$30,"",(B35+L35)*F35) -> 0 | H35: =IF($A35>$B$30,"",(C35+M35)*F35) -> -50000 | I35: =IF($A35>$B$30,"",LOOKUP($A35,$L$25:$L$28,$A$25:$A$28)) -> 1 | J35: =IF($A35>$B$30,"",MATCH(I35,$A$25:$A$28,0)) -> 1 | K35: =IF($A35>$B$30,"",$A35-INDEX($L$25:$L$28,J35)+1) -> 2 | L35: =IF($A35>$B$30,"",IF($A35<$B$30,B36,$B$34)) -> 20 | M35: =IF($A35>$B$30,"",IF($A35<$B$30,C36,$C$34)) -> 25
A36: 3 | B36: =IF($A36>$B$30,NA(),IF(K36=1,INDEX($M$25:$M$28,J36),INDEX($O$25:$O$28,J36))) -> 20 | C36: =IF($A36>$B$30,NA(),IF(K36=1,INDEX($N$25:$N$28,J36),INDEX($P$25:$P$28,J36))) -> 25 | D36: =IF(ISNA(B36),NA(),B36*$B$12) -> 20 | E36: =IF(ISNA(C36),NA(),C36*$B$12) -> 25 | F36: =IF($A36>$B$30,"",B36*M36-L36*C36) -> -765 | G36: =IF($A36>$B$30,"",(B36+L36)*F36) -> -30600 | H36: =IF($A36>$B$30,"",(C36+M36)*F36) -> -8988.75 | I36: =IF($A36>$B$30,"",LOOKUP($A36,$L$25:$L$28,$A$25:$A$28)) -> 2 | J36: =IF($A36>$B$30,"",MATCH(I36,$A$25:$A$28,0)) -> 2 | K36: =IF($A36>$B$30,"",$A36-INDEX($L$25:$L$28,J36)+1) -> 1 | L36: =IF($A36>$B$30,"",IF($A36<$B$30,B37,$B$34)) -> 20 | M36: =IF($A36>$B$30,"",IF($A36<$B$30,C37,$C$34)) -> -13.25
A37: 4 | B37: =IF($A37>$B$30,NA(),IF(K37=1,INDEX($M$25:$M$28,J37),INDEX($O$25:$O$28,J37))) -> 20 | C37: =IF($A37>$B$30,NA(),IF(K37=1,INDEX($N$25:$N$28,J37),INDEX($P$25:$P$28,J37))) -> -13.25 | D37: =IF(ISNA(B37),NA(),B37*$B$12) -> 20 | E37: =IF(ISNA(C37),NA(),C37*$B$12) -> -13.25 | F37: =IF($A37>$B$30,"",B37*M37-L37*C37) -> -530 | G37: =IF($A37>$B$30,"",(B37+L37)*F37) -> 0 | H37: =IF($A37>$B$30,"",(C37+M37)*F37) -> 14045 | I37: =IF($A37>$B$30,"",LOOKUP($A37,$L$25:$L$28,$A$25:$A$28)) -> 3 | J37: =IF($A37>$B$30,"",MATCH(I37,$A$25:$A$28,0)) -> 3 | K37: =IF($A37>$B$30,"",$A37-INDEX($L$25:$L$28,J37)+1) -> 1 | L37: =IF($A37>$B$30,"",IF($A37<$B$30,B38,$B$34)) -> -20 | M37: =IF($A37>$B$30,"",IF($A37<$B$30,C38,$C$34)) -> -13.25
A38: 5 | B38: =IF($A38>$B$30,NA(),IF(K38=1,INDEX($M$25:$M$28,J38),INDEX($O$25:$O$28,J38))) -> #N/A | C38: =IF($A38>$B$30,NA(),IF(K38=1,INDEX($N$25:$N$28,J38),INDEX($P$25:$P$28,J38))) -> #N/A | D38: =IF(ISNA(B38),NA(),B38*$B$12) -> #N/A | E38: =IF(ISNA(C38),NA(),C38*$B$12) -> #N/A | F38: =IF($A38>$B$30,"",B38*M38-L38*C38) | G38: =IF($A38>$B$30,"",(B38+L38)*F38) | H38: =IF($A38>$B$30,"",(C38+M38)*F38) | I38: =IF($A38>$B$30,"",LOOKUP($A38,$L$25:$L$28,$A$25:$A$28)) | J38: =IF($A38>$B$30,"",MATCH(I38,$A$25:$A$28,0)) | K38: =IF($A38>$B$30,"",$A38-INDEX($L$25:$L$28,J38)+1) | L38: =IF($A38>$B$30,"",IF($A38<$B$30,B39,$B$34)) | M38: =IF($A38>$B$30,"",IF($A38<$B$30,C39,$C$34))
A39: 6 | B39: =IF($A39>$B$30,NA(),IF(K39=1,INDEX($M$25:$M$28,J39),INDEX($O$25:$O$28,J39))) -> #N/A | C39: =IF($A39>$B$30,NA(),IF(K39=1,INDEX($N$25:$N$28,J39),INDEX($P$25:$P$28,J39))) -> #N/A | D39: =IF(ISNA(B39),NA(),B39*$B$12) -> #N/A | E39: =IF(ISNA(C39),NA(),C39*$B$12) -> #N/A | F39: =IF($A39>$B$30,"",B39*M39-L39*C39) | G39: =IF($A39>$B$30,"",(B39+L39)*F39) | H39: =IF($A39>$B$30,"",(C39+M39)*F39) | I39: =IF($A39>$B$30,"",LOOKUP($A39,$L$25:$L$28,$A$25:$A$28)) | J39: =IF($A39>$B$30,"",MATCH(I39,$A$25:$A$28,0)) | K39: =IF($A39>$B$30,"",$A39-INDEX($L$25:$L$28,J39)+1) | L39: =IF($A39>$B$30,"",IF($A39<$B$30,B40,$B$34)) | M39: =IF($A39>$B$30,"",IF($A39<$B$30,C40,$C$34))
A40: 7 | B40: =IF($A40>$B$30,NA(),IF(K40=1,INDEX($M$25:$M$28,J40),INDEX($O$25:$O$28,J40))) -> #N/A | C40: =IF($A40>$B$30,NA(),IF(K40=1,INDEX($N$25:$N$28,J40),INDEX($P$25:$P$28,J40))) -> #N/A | D40: =IF(ISNA(B40),NA(),B40*$B$12) -> #N/A | E40: =IF(ISNA(C40),NA(),C40*$B$12) -> #N/A | F40: =IF($A40>$B$30,"",B40*M40-L40*C40) | G40: =IF($A40>$B$30,"",(B40+L40)*F40) | H40: =IF($A40>$B$30,"",(C40+M40)*F40) | I40: =IF($A40>$B$30,"",LOOKUP($A40,$L$25:$L$28,$A$25:$A$28)) | J40: =IF($A40>$B$30,"",MATCH(I40,$A$25:$A$28,0)) | K40: =IF($A40>$B$30,"",$A40-INDEX($L$25:$L$28,J40)+1) | L40: =IF($A40>$B$30,"",IF($A40<$B$30,B41,$B$34)) | M40: =IF($A40>$B$30,"",IF($A40<$B$30,C41,$C$34))
A41: 8 | B41: =IF($A41>$B$30,NA(),IF(K41=1,INDEX($M$25:$M$28,J41),INDEX($O$25:$O$28,J41))) -> #N/A | C41: =IF($A41>$B$30,NA(),IF(K41=1,INDEX($N$25:$N$28,J41),INDEX($P$25:$P$28,J41))) -> #N/A | D41: =IF(ISNA(B41),NA(),B41*$B$12) -> #N/A | E41: =IF(ISNA(C41),NA(),C41*$B$12) -> #N/A | F41: =IF($A41>$B$30,"",B41*M41-L41*C41) | G41: =IF($A41>$B$30,"",(B41+L41)*F41) | H41: =IF($A41>$B$30,"",(C41+M41)*F41) | I41: =IF($A41>$B$30,"",LOOKUP($A41,$L$25:$L$28,$A$25:$A$28)) | J41: =IF($A41>$B$30,"",MATCH(I41,$A$25:$A$28,0)) | K41: =IF($A41>$B$30,"",$A41-INDEX($L$25:$L$28,J41)+1) | L41: =IF($A41>$B$30,"",IF($A41<$B$30,B42,$B$34)) | M41: =IF($A41>$B$30,"",IF($A41<$B$30,C42,$C$34))
A42: close | B42: =IF($B$30<1,NA(),B34) -> -20 | C42: =IF($B$30<1,NA(),C34) -> -13.25 | D42: =IF($B$30<1,NA(),D34) -> -20 | E42: =IF($B$30<1,NA(),E34) -> -13.25
A44: Results
A45: Signed area A_s (in^2) | B45: =0.5*SUM(F34:F41) -> -1530 | C45: =E$3&"^2" -> cm^2
A46: Area A (out^2) | B46: =ABS(B45)*($B$12^2) -> 1530 | C46: =E$3&"^2" -> cm^2
A47: Centroid x̄ (out) | B47: =IFERROR((SUM(G34:G41)/(6*B45))*$B$12,"") -> 0 | C47: =E$3 -> cm
A48: Centroid ȳ (out) | B48: =IFERROR((SUM(H34:H41)/(6*B45))*$B$12,"") -> 5.875 | C48: =E$3 -> cm
F49: Plot helpers
F50: x_min | G50: =_xlfn.AGGREGATE(15,6,$D$34:$D$41,1) -> -20
F51: x_max | G51: =_xlfn.AGGREGATE(14,6,$D$34:$D$41,1) -> 20
F52: y_min | G52: =_xlfn.AGGREGATE(15,6,$E$34:$E$41,1) -> -13.25
F53: y_max | G53: =_xlfn.AGGREGATE(14,6,$E$34:$E$41,1) -> 25
F54: midx | G54: =(G50+G51)/2 -> 0
F55: midy | G55: =(G52+G53)/2 -> 5.875
F56: span | G56: =MAX(G51-G50,G53-G52)*1.1 -> 44
F58: Bounds points (invisible)
F59: x_b | G59: y_b
F60: =G54-G56/2 -> -22 | G60: =G55-G56/2 -> -16.125
F61: =G54+G56/2 -> 22 | G61: =G55+G56/2 -> 27.875
F63: Cut line
F64: x_cut | G64: y_cut
F65: =F60 -> -22 | G65: =$D$20 -> -13.25
F66: =F61 -> 22 | G66: =$D$20 -> -13.25
F68: Centroid
F69: x_cg | G69: y_cg
F70: =$B$47 -> 0 | G70: =$B$48 -> 5.875
A72: RC 計算 | B72: P0=0.85fc*Ac | M72: 鋼筋計算
B73: Pc=0.85f'c×Ac | M73: fy | N73: εty | O73: E | P73: εy | Q73: εmax
B74: Mc=Pc×dc | M74: kgf/cm^2 | O74: kgf/cm^2
M75: =check!C10 -> 4200 | N75: =M75/O75 -> 0.0020588235 | O75: 2040000 | P75: =MIN(R80:R479) -> 6.6666667e-05 | Q75: =check!G85 -> 0
L77: 扣孔 | P77: Ymin | T77: tf | U77: tf | V77: tf-m | W77: tf-m
J78: =N75+C83 -> 0.0050588235 | L78: =SUM(L80:L479) -> 22.8 | P78: =MIN(P80:P479) -> -19 | S78: sum | T78: =SUM(T80:T479) -> 80.4384 | U78: =SUM(U80:U479) -> 0 | V78: =SUM(V80:V479) -> 9.4245067 | W78: =SUM(W80:W479) -> 0
M79: no | N79: θ | O79: X | P79: Y | Q79: As | R79: εty | S79: fy | T79: Ps | U79: Ts | V79: Psd | W79: Tsd
L80: =IF(Q80=0,0,IF(P80>$B$20,Q80,0)) -> 2.85 | M80: 1 | N80: =bar!B74 -> 12 | O80: =bar!E3 -> -14 | P80: =bar!F3 -> 19 | Q80: =bar!H3 -> 2.85 | R80: =IF($B$2=1,-0.006,IF($D$83=0,$C$83,(P80-$E$83)*$D$83)) -> 0.0026 | S80: =IF(R80<0,-1*IF(ABS(R80)>$N$75,$M$75,$M$75*ABS(R80)/$N$75),IF(ABS(R80)>$N$75,$M$75,$M$75*ABS(R80)/$N$75)) -> 4200 | T80: =IF(R80<0,0,Q80*S80)/1000 -> 11.97 | U80: =IF(R80>0,0,Q80*S80)/1000 -> 0 | V80: =T80*P80/100 -> 2.2743 | W80: =U80*P80/100 -> 0
B81: fc | C81: εc | D81: m | E81: 中性軸對應座標 | F81: 等值應力塊對應座標 | G81: 螺箍1橫箍2 | H81: a1 | I81: a2 | J81: 最外緣鋼筋 | K81: ψ | L81: =IF(Q81=0,0,IF(P81>$B$20,Q81,0)) -> 2.85 | M81: 2 | N81: =bar!B75 -> 13 | O81: =bar!E4 -> -14 | P81: =bar!F4 -> 6.3333333 | Q81: =bar!H4 -> 2.85 | R81: =IF($B$2=1,-0.006,IF($D$83=0,$C$83,(P81-$E$83)*$D$83)) -> 0.0017555556 | S81: =IF(R81<0,-1*IF(ABS(R81)>$N$75,$M$75,$M$75*ABS(R81)/$N$75),IF(ABS(R81)>$N$75,$M$75,$M$75*ABS(R81)/$N$75)) -> 3581.3333 | T81: =IF(R81<0,0,Q81*S81)/1000 -> 10.2068 | U81: =IF(R81>0,0,Q81*S81)/1000 -> 0 | V81: =T81*P81/100 -> 0.64643067 | W81: =U81*P81/100 -> 0
B82: kgf/cm^2 | D82: εc/x | J82: ε | L82: =IF(Q82=0,0,IF(P82>$B$20,Q82,0)) -> 2.85 | M82: 3 | N82: =bar!B76 -> 14 | O82: =bar!E5 -> -14 | P82: =bar!F5 -> -6.3333333 | Q82: =bar!H5 -> 2.85 | R82: =IF($B$2=1,-0.006,IF($D$83=0,$C$83,(P82-$E$83)*$D$83)) -> 0.00091111111 | S82: =IF(R82<0,-1*IF(ABS(R82)>$N$75,$M$75,$M$75*ABS(R82)/$N$75),IF(ABS(R82)>$N$75,$M$75,$M$75*ABS(R82)/$N$75)) -> 1858.6667 | T82: =IF(R82<0,0,Q82*S82)/1000 -> 5.2972 | U82: =IF(R82>0,0,Q82*S82)/1000 -> 0 | V82: =T82*P82/100 -> -0.33548933 | W82: =U82*P82/100 -> 0
B83: =check!C5 -> 280 | C83: =check!G15 -> 0.003 | D83: =IF(I20=(D21-B21),0,C83/I20) -> 6.6666667e-05 | E83: =F20 -> -20 | F83: =B87/2-F87 -> 0 | G83: 2 | H83: =IF(G83=1,0.7,0.65) -> 0.65 | I83: =IF(G83=1,0.9-0.75,0.9-0.65) -> 0.25 | J83: =-1*P75 -> -6.6666667e-05 | K83: =IF(J83<N75,H83,IF(J83<(N75+C83),H83+(J83-N75)*I83/C83,0.9)) -> 0.65 | L83: =IF(Q83=0,0,IF(P83>$B$20,Q83,0)) -> 0 | M83: 4 | N83: =bar!B77 -> 15 | O83: =bar!E6 -> -14 | P83: =bar!F6 -> -19 | Q83: =bar!H6 -> 2.85 | R83: =IF($B$2=1,-0.006,IF($D$83=0,$C$83,(P83-$E$83)*$D$83)) -> 6.6666667e-05 | S83: =IF(R83<0,-1*IF(ABS(R83)>$N$75,$M$75,$M$75*ABS(R83)/$N$75),IF(ABS(R83)>$N$75,$M$75,$M$75*ABS(R83)/$N$75)) -> 136 | T83: =IF(R83<0,0,Q83*S83)/1000 -> 0.3876 | U83: =IF(R83>0,0,Q83*S83)/1000 -> 0 | V83: =T83*P83/100 -> -0.073644 | W83: =U83*P83/100 -> 0
L84: =IF(Q84=0,0,IF(P84>$B$20,Q84,0)) -> 0 | M84: 5 | N84: =bar!B78 -> 16 | O84: =bar!E7 -> -14 | P84: =bar!F7 -> 19 | Q84: =bar!H7 -> 0 | R84: =IF($B$2=1,-0.006,IF($D$83=0,$C$83,(P84-$E$83)*$D$83)) -> 0.0026 | S84: =IF(R84<0,-1*IF(ABS(R84)>$N$75,$M$75,$M$75*ABS(R84)/$N$75),IF(ABS(R84)>$N$75,$M$75,$M$75*ABS(R84)/$N$75)) -> 4200 | T84: =IF(R84<0,0,Q84*S84)/1000 -> 0 | U84: =IF(R84>0,0,Q84*S84)/1000 -> 0 | V84: =T84*P84/100 -> 0 | W84: =U84*P84/100 -> 0
B85: D | C85: B | D85: x | E85: β1 | F85: β1*x | G85: a | H85: θ | I85: Ac | J85: e1 | K85: dc=D/2-e1 | L85: =IF(Q85=0,0,IF(P85>$B$20,Q85,0)) -> 0 | M85: 6 | N85: =bar!B79 -> 17 | O85: =bar!E8 -> -14 | P85: =bar!F8 -> 19 | Q85: =bar!H8 -> 0 | R85: =IF($B$2=1,-0.006,IF($D$83=0,$C$83,(P85-$E$83)*$D$83)) -> 0.0026 | S85: =IF(R85<0,-1*IF(ABS(R85)>$N$75,$M$75,$M$75*ABS(R85)/$N$75),IF(ABS(R85)>$N$75,$M$75,$M$75*ABS(R85)/$N$75)) -> 4200 | T85: =IF(R85<0,0,Q85*S85)/1000 -> 0 | U85: =IF(R85>0,0,Q85*S85)/1000 -> 0 | V85: =T85*P85/100 -> 0 | W85: =U85*P85/100 -> 0
B86: cm | C86: cm | D86: cm | F86: cm | G86: cm | I86: cm^2 | J86: cm | K86: cm | L86: =IF(Q86=0,0,IF(P86>$B$20,Q86,0)) -> 0 | M86: 7 | N86: =bar!B80 -> 18 | O86: =bar!E9 -> -14 | P86: =bar!F9 -> 19 | Q86: =bar!H9 -> 0 | R86: =IF($B$2=1,-0.006,IF($D$83=0,$C$83,(P86-$E$83)*$D$83)) -> 0.0026 | S86: =IF(R86<0,-1*IF(ABS(R86)>$N$75,$M$75,$M$75*ABS(R86)/$N$75),IF(ABS(R86)>$N$75,$M$75,$M$75*ABS(R86)/$N$75)) -> 4200 | T86: =IF(R86<0,0,Q86*S86)/1000 -> 0 | U86: =IF(R86>0,0,Q86*S86)/1000 -> 0 | V86: =T86*P86/100 -> 0 | W86: =U86*P86/100 -> 0
B87: =check!C76 -> 0 | C87: =check!$C$3 -> 50 | D87: =B87-A97/20*B87 -> 0 | E87: =IF(D87=B87,1,check!G77) -> 1 | F87: =E87*D87 -> 0 | G87: =C87-F87 -> 50 | H87: =DEGREES(ACOS(G87/C87))*2 -> 0 | I87: =B46-L78 -> 1507.2 | J87: =G70 -> 5.875 | K87: =G70 -> 5.875 | L87: =IF(Q87=0,0,IF(P87>$B$20,Q87,0)) -> 0 | M87: 8 | N87: =bar!B81 -> 19 | O87: =bar!E10 -> -14 | P87: =bar!F10 -> 19 | Q87: =bar!H10 -> 0 | R87: =IF($B$2=1,-0.006,IF($D$83=0,$C$83,(P87-$E$83)*$D$83)) -> 0.0026 | S87: =IF(R87<0,-1*IF(ABS(R87)>$N$75,$M$75,$M$75*ABS(R87)/$N$75),IF(ABS(R87)>$N$75,$M$75,$M$75*ABS(R87)/$N$75)) -> 4200 | T87: =IF(R87<0,0,Q87*S87)/1000 -> 0 | U87: =IF(R87>0,0,Q87*S87)/1000 -> 0 | V87: =T87*P87/100 -> 0 | W87: =U87*P87/100 -> 0
L88: =IF(Q88=0,0,IF(P88>$B$20,Q88,0)) -> 0 | M88: 9 | N88: =bar!B82 -> 20 | O88: =bar!E11 -> -14 | P88: =bar!F11 -> 19 | Q88: =bar!H11 -> 0 | R88: =IF($B$2=1,-0.006,IF($D$83=0,$C$83,(P88-$E$83)*$D$83)) -> 0.0026 | S88: =IF(R88<0,-1*IF(ABS(R88)>$N$75,$M$75,$M$75*ABS(R88)/$N$75),IF(ABS(R88)>$N$75,$M$75,$M$75*ABS(R88)/$N$75)) -> 4200 | T88: =IF(R88<0,0,Q88*S88)/1000 -> 0 | U88: =IF(R88>0,0,Q88*S88)/1000 -> 0 | V88: =T88*P88/100 -> 0 | W88: =U88*P88/100 -> 0
B89: Pc | C89: Mc | L89: =IF(Q89=0,0,IF(P89>$B$20,Q89,0)) -> 0 | M89: 10 | N89: =bar!B83 -> 1 | O89: =bar!E12 -> -14 | P89: =bar!F12 -> 19 | Q89: =bar!H12 -> 0 | R89: =IF($B$2=1,-0.006,IF($D$83=0,$C$83,(P89-$E$83)*$D$83)) -> 0.0026 | S89: =IF(R89<0,-1*IF(ABS(R89)>$N$75,$M$75,$M$75*ABS(R89)/$N$75),IF(ABS(R89)>$N$75,$M$75,$M$75*ABS(R89)/$N$75)) -> 4200 | T89: =IF(R89<0,0,Q89*S89)/1000 -> 0 | U89: =IF(R89>0,0,Q89*S89)/1000 -> 0 | V89: =T89*P89/100 -> 0 | W89: =U89*P89/100 -> 0
B90: tf | C90: tf-m | L90: =IF(Q90=0,0,IF(P90>$B$20,Q90,0)) -> 0 | M90: 11 | N90: =bar!B84 -> 2 | O90: =bar!E13 -> -14 | P90: =bar!F13 -> 19 | Q90: =bar!H13 -> 0 | R90: =IF($B$2=1,-0.006,IF($D$83=0,$C$83,(P90-$E$83)*$D$83)) -> 0.0026 | S90: =IF(R90<0,-1*IF(ABS(R90)>$N$75,$M$75,$M$75*ABS(R90)/$N$75),IF(ABS(R90)>$N$75,$M$75,$M$75*ABS(R90)/$N$75)) -> 4200 | T90: =IF(R90<0,0,Q90*S90)/1000 -> 0 | U90: =IF(R90>0,0,Q90*S90)/1000 -> 0 | V90: =T90*P90/100 -> 0 | W90: =U90*P90/100 -> 0
B91: =0.85*B83*I87/1000 -> 358.7136 | C91: =IFERROR(B91*K87/100,0) -> 21.074424 | L91: =IF(Q91=0,0,IF(P91>$B$20,Q91,0)) -> 0 | M91: 12 | N91: =bar!B85 -> 3 | O91: =bar!E14 -> -14 | P91: =bar!F14 -> 19 | Q91: =bar!H14 -> 0 | R91: =IF($B$2=1,-0.006,IF($D$83=0,$C$83,(P91-$E$83)*$D$83)) -> 0.0026 | S91: =IF(R91<0,-1*IF(ABS(R91)>$N$75,$M$75,$M$75*ABS(R91)/$N$75),IF(ABS(R91)>$N$75,$M$75,$M$75*ABS(R91)/$N$75)) -> 4200 | T91: =IF(R91<0,0,Q91*S91)/1000 -> 0 | U91: =IF(R91>0,0,Q91*S91)/1000 -> 0 | V91: =T91*P91/100 -> 0 | W91: =U91*P91/100 -> 0
L92: =IF(Q92=0,0,IF(P92>$B$20,Q92,0)) -> 0 | M92: 13 | N92: =bar!B86 -> 4 | O92: =bar!E15 -> -14 | P92: =bar!F15 -> 19 | Q92: =bar!H15 -> 0 | R92: =IF($B$2=1,-0.006,IF($D$83=0,$C$83,(P92-$E$83)*$D$83)) -> 0.0026 | S92: =IF(R92<0,-1*IF(ABS(R92)>$N$75,$M$75,$M$75*ABS(R92)/$N$75),IF(ABS(R92)>$N$75,$M$75,$M$75*ABS(R92)/$N$75)) -> 4200 | T92: =IF(R92<0,0,Q92*S92)/1000 -> 0 | U92: =IF(R92>0,0,Q92*S92)/1000 -> 0 | V92: =T92*P92/100 -> 0 | W92: =U92*P92/100 -> 0
L93: =IF(Q93=0,0,IF(P93>$B$20,Q93,0)) -> 0 | M93: 14 | N93: =bar!B87 -> 5 | O93: =bar!E16 -> -14 | P93: =bar!F16 -> 19 | Q93: =bar!H16 -> 0 | R93: =IF($B$2=1,-0.006,IF($D$83=0,$C$83,(P93-$E$83)*$D$83)) -> 0.0026 | S93: =IF(R93<0,-1*IF(ABS(R93)>$N$75,$M$75,$M$75*ABS(R93)/$N$75),IF(ABS(R93)>$N$75,$M$75,$M$75*ABS(R93)/$N$75)) -> 4200 | T93: =IF(R93<0,0,Q93*S93)/1000 -> 0 | U93: =IF(R93>0,0,Q93*S93)/1000 -> 0 | V93: =T93*P93/100 -> 0 | W93: =U93*P93/100 -> 0
B94: 總應力計算 | L94: =IF(Q94=0,0,IF(P94>$B$20,Q94,0)) -> 0 | M94: 15 | N94: =bar!B88 -> 6 | O94: =bar!E17 -> -14 | P94: =bar!F17 -> 19 | Q94: =bar!H17 -> 0 | R94: =IF($B$2=1,-0.006,IF($D$83=0,$C$83,(P94-$E$83)*$D$83)) -> 0.0026 | S94: =IF(R94<0,-1*IF(ABS(R94)>$N$75,$M$75,$M$75*ABS(R94)/$N$75),IF(ABS(R94)>$N$75,$M$75,$M$75*ABS(R94)/$N$75)) -> 4200 | T94: =IF(R94<0,0,Q94*S94)/1000 -> 0 | U94: =IF(R94>0,0,Q94*S94)/1000 -> 0 | V94: =T94*P94/100 -> 0 | W94: =U94*P94/100 -> 0
B95: Mn | C95: Pn | D95: ψ | L95: =IF(Q95=0,0,IF(P95>$B$20,Q95,0)) -> 0 | M95: 16 | N95: =bar!B89 -> 7 | O95: =bar!E18 -> -14 | P95: =bar!F18 -> 19 | Q95: =bar!H18 -> 0 | R95: =IF($B$2=1,-0.006,IF($D$83=0,$C$83,(P95-$E$83)*$D$83)) -> 0.0026 | S95: =IF(R95<0,-1*IF(ABS(R95)>$N$75,$M$75,$M$75*ABS(R95)/$N$75),IF(ABS(R95)>$N$75,$M$75,$M$75*ABS(R95)/$N$75)) -> 4200 | T95: =IF(R95<0,0,Q95*S95)/1000 -> 0 | U95: =IF(R95>0,0,Q95*S95)/1000 -> 0 | V95: =T95*P95/100 -> 0 | W95: =U95*P95/100 -> 0
B96: tf-m | C96: tf | L96: =IF(Q96=0,0,IF(P96>$B$20,Q96,0)) -> 0 | M96: 17 | N96: =bar!B90 -> 8 | O96: =bar!E19 -> -14 | P96: =bar!F19 -> 19 | Q96: =bar!H19 -> 0 | R96: =IF($B$2=1,-0.006,IF($D$83=0,$C$83,(P96-$E$83)*$D$83)) -> 0.0026 | S96: =IF(R96<0,-1*IF(ABS(R96)>$N$75,$M$75,$M$75*ABS(R96)/$N$75),IF(ABS(R96)>$N$75,$M$75,$M$75*ABS(R96)/$N$75)) -> 4200 | T96: =IF(R96<0,0,Q96*S96)/1000 -> 0 | U96: =IF(R96>0,0,Q96*S96)/1000 -> 0 | V96: =T96*P96/100 -> 0 | W96: =U96*P96/100 -> 0
A97: =D1 -> 2 | B97: =C91+V78+W78 -> 30.498931 | C97: =B91+T78+U78 -> 439.152 | D97: =K83 -> 0.65 | L97: =IF(Q97=0,0,IF(P97>$B$20,Q97,0)) -> 0 | M97: 18 | N97: =bar!B91 -> 9 | O97: =bar!E20 -> -14 | P97: =bar!F20 -> 19 | Q97: =bar!H20 -> 0 | R97: =IF($B$2=1,-0.006,IF($D$83=0,$C$83,(P97-$E$83)*$D$83)) -> 0.0026 | S97: =IF(R97<0,-1*IF(ABS(R97)>$N$75,$M$75,$M$75*ABS(R97)/$N$75),IF(ABS(R97)>$N$75,$M$75,$M$75*ABS(R97)/$N$75)) -> 4200 | T97: =IF(R97<0,0,Q97*S97)/1000 -> 0 | U97: =IF(R97>0,0,Q97*S97)/1000 -> 0 | V97: =T97*P97/100 -> 0 | W97: =U97*P97/100 -> 0
L98: =IF(Q98=0,0,IF(P98>$B$20,Q98,0)) -> 0 | M98: 19 | N98: =bar!B92 -> 10 | O98: =bar!E21 -> -14 | P98: =bar!F21 -> 19 | Q98: =bar!H21 -> 0 | R98: =IF($B$2=1,-0.006,IF($D$83=0,$C$83,(P98-$E$83)*$D$83)) -> 0.0026 | S98: =IF(R98<0,-1*IF(ABS(R98)>$N$75,$M$75,$M$75*ABS(R98)/$N$75),IF(ABS(R98)>$N$75,$M$75,$M$75*ABS(R98)/$N$75)) -> 4200 | T98: =IF(R98<0,0,Q98*S98)/1000 -> 0 | U98: =IF(R98>0,0,Q98*S98)/1000 -> 0 | V98: =T98*P98/100 -> 0 | W98: =U98*P98/100 -> 0
L99: =IF(Q99=0,0,IF(P99>$B$20,Q99,0)) -> 0 | M99: 20 | N99: =bar!B93 -> 11 | O99: =bar!E22 -> -14 | P99: =bar!F22 -> 19 | Q99: =bar!H22 -> 0 | R99: =IF($B$2=1,-0.006,IF($D$83=0,$C$83,(P99-$E$83)*$D$83)) -> 0.0026 | S99: =IF(R99<0,-1*IF(ABS(R99)>$N$75,$M$75,$M$75*ABS(R99)/$N$75),IF(ABS(R99)>$N$75,$M$75,$M$75*ABS(R99)/$N$75)) -> 4200 | T99: =IF(R99<0,0,Q99*S99)/1000 -> 0 | U99: =IF(R99>0,0,Q99*S99)/1000 -> 0 | V99: =T99*P99/100 -> 0 | W99: =U99*P99/100 -> 0
L100: =IF(Q100=0,0,IF(P100>$B$20,Q100,0)) -> 2.85 | M100: 21 | N100: =bar!B94 -> 12 | O100: =bar!E23 -> -4.6666667 | P100: =bar!F23 -> 19 | Q100: =bar!H23 -> 2.85 | R100: =IF($B$2=1,-0.006,IF($D$83=0,$C$83,(P100-$E$83)*$D$83)) -> 0.0026 | S100: =IF(R100<0,-1*IF(ABS(R100)>$N$75,$M$75,$M$75*ABS(R100)/$N$75),IF(ABS(R100)>$N$75,$M$75,$M$75*ABS(R100)/$N$75)) -> 4200 | T100: =IF(R100<0,0,Q100*S100)/1000 -> 11.97 | U100: =IF(R100>0,0,Q100*S100)/1000 -> 0 | V100: =T100*P100/100 -> 2.2743 | W100: =U100*P100/100 -> 0
L101: =IF(Q101=0,0,IF(P101>$B$20,Q101,0)) -> 0 | M101: 22 | N101: =bar!B95 -> 13 | O101: =bar!E24 -> -14 | P101: =bar!F24 -> 19 | Q101: =bar!H24 -> 0 | R101: =IF($B$2=1,-0.006,IF($D$83=0,$C$83,(P101-$E$83)*$D$83)) -> 0.0026 | S101: =IF(R101<0,-1*IF(ABS(R101)>$N$75,$M$75,$M$75*ABS(R101)/$N$75),IF(ABS(R101)>$N$75,$M$75,$M$75*ABS(R101)/$N$75)) -> 4200 | T101: =IF(R101<0,0,Q101*S101)/1000 -> 0 | U101: =IF(R101>0,0,Q101*S101)/1000 -> 0 | V101: =T101*P101/100 -> 0 | W101: =U101*P101/100 -> 0
L102: =IF(Q102=0,0,IF(P102>$B$20,Q102,0)) -> 0 | M102: 23 | N102: =bar!B96 -> 14 | O102: =bar!E25 -> -14 | P102: =bar!F25 -> 19 | Q102: =bar!H25 -> 0 | R102: =IF($B$2=1,-0.006,IF($D$83=0,$C$83,(P102-$E$83)*$D$83)) -> 0.0026 | S102: =IF(R102<0,-1*IF(ABS(R102)>$N$75,$M$75,$M$75*ABS(R102)/$N$75),IF(ABS(R102)>$N$75,$M$75,$M$75*ABS(R102)/$N$75)) -> 4200 | T102: =IF(R102<0,0,Q102*S102)/1000 -> 0 | U102: =IF(R102>0,0,Q102*S102)/1000 -> 0 | V102: =T102*P102/100 -> 0 | W102: =U102*P102/100 -> 0
L103: =IF(Q103=0,0,IF(P103>$B$20,Q103,0)) -> 0 | M103: 24 | N103: =bar!B97 -> 15 | O103: =bar!E26 -> -4.6666667 | P103: =bar!F26 -> -19 | Q103: =bar!H26 -> 2.85 | R103: =IF($B$2=1,-0.006,IF($D$83=0,$C$83,(P103-$E$83)*$D$83)) -> 6.6666667e-05 | S103: =IF(R103<0,-1*IF(ABS(R103)>$N$75,$M$75,$M$75*ABS(R103)/$N$75),IF(ABS(R103)>$N$75,$M$75,$M$75*ABS(R103)/$N$75)) -> 136 | T103: =IF(R103<0,0,Q103*S103)/1000 -> 0.3876 | U103: =IF(R103>0,0,Q103*S103)/1000 -> 0 | V103: =T103*P103/100 -> -0.073644 | W103: =U103*P103/100 -> 0
L104: =IF(Q104=0,0,IF(P104>$B$20,Q104,0)) -> 0 | M104: 25 | N104: =bar!B98 -> 16 | O104: =bar!E27 -> -14 | P104: =bar!F27 -> 19 | Q104: =bar!H27 -> 0 | R104: =IF($B$2=1,-0.006,IF($D$83=0,$C$83,(P104-$E$83)*$D$83)) -> 0.0026 | S104: =IF(R104<0,-1*IF(ABS(R104)>$N$75,$M$75,$M$75*ABS(R104)/$N$75),IF(ABS(R104)>$N$75,$M$75,$M$75*ABS(R104)/$N$75)) -> 4200 | T104: =IF(R104<0,0,Q104*S104)/1000 -> 0 | U104: =IF(R104>0,0,Q104*S104)/1000 -> 0 | V104: =T104*P104/100 -> 0 | W104: =U104*P104/100 -> 0
L105: =IF(Q105=0,0,IF(P105>$B$20,Q105,0)) -> 0 | M105: 26 | N105: =bar!B99 -> 17 | O105: =bar!E28 -> -14 | P105: =bar!F28 -> 19 | Q105: =bar!H28 -> 0 | R105: =IF($B$2=1,-0.006,IF($D$83=0,$C$83,(P105-$E$83)*$D$83)) -> 0.0026 | S105: =IF(R105<0,-1*IF(ABS(R105)>$N$75,$M$75,$M$75*ABS(R105)/$N$75),IF(ABS(R105)>$N$75,$M$75,$M$75*ABS(R105)/$N$75)) -> 4200 | T105: =IF(R105<0,0,Q105*S105)/1000 -> 0 | U105: =IF(R105>0,0,Q105*S105)/1000 -> 0 | V105: =T105*P105/100 -> 0 | W105: =U105*P105/100 -> 0
L106: =IF(Q106=0,0,IF(P106>$B$20,Q106,0)) -> 0 | M106: 27 | N106: =bar!B100 -> 18 | O106: =bar!E29 -> -14 | P106: =bar!F29 -> 19 | Q106: =bar!H29 -> 0 | R106: =IF($B$2=1,-0.006,IF($D$83=0,$C$83,(P106-$E$83)*$D$83)) -> 0.0026 | S106: =IF(R106<0,-1*IF(ABS(R106)>$N$75,$M$75,$M$75*ABS(R106)/$N$75),IF(ABS(R106)>$N$75,$M$75,$M$75*ABS(R106)/$N$75)) -> 4200 | T106: =IF(R106<0,0,Q106*S106)/1000 -> 0 | U106: =IF(R106>0,0,Q106*S106)/1000 -> 0 | V106: =T106*P106/100 -> 0 | W106: =U106*P106/100 -> 0
L107: =IF(Q107=0,0,IF(P107>$B$20,Q107,0)) -> 0 | M107: 28 | N107: =bar!B101 -> 19 | O107: =bar!E30 -> -14 | P107: =bar!F30 -> 19 | Q107: =bar!H30 -> 0 | R107: =IF($B$2=1,-0.006,IF($D$83=0,$C$83,(P107-$E$83)*$D$83)) -> 0.0026 | S107: =IF(R107<0,-1*IF(ABS(R107)>$N$75,$M$75,$M$75*ABS(R107)/$N$75),IF(ABS(R107)>$N$75,$M$75,$M$75*ABS(R107)/$N$75)) -> 4200 | T107: =IF(R107<0,0,Q107*S107)/1000 -> 0 | U107: =IF(R107>0,0,Q107*S107)/1000 -> 0 | V107: =T107*P107/100 -> 0 | W107: =U107*P107/100 -> 0
L108: =IF(Q108=0,0,IF(P108>$B$20,Q108,0)) -> 0 | M108: 29 | N108: =bar!B102 -> 20 | O108: =bar!E31 -> -14 | P108: =bar!F31 -> 19 | Q108: =bar!H31 -> 0 | R108: =IF($B$2=1,-0.006,IF($D$83=0,$C$83,(P108-$E$83)*$D$83)) -> 0.0026 | S108: =IF(R108<0,-1*IF(ABS(R108)>$N$75,$M$75,$M$75*ABS(R108)/$N$75),IF(ABS(R108)>$N$75,$M$75,$M$75*ABS(R108)/$N$75)) -> 4200 | T108: =IF(R108<0,0,Q108*S108)/1000 -> 0 | U108: =IF(R108>0,0,Q108*S108)/1000 -> 0 | V108: =T108*P108/100 -> 0 | W108: =U108*P108/100 -> 0
L109: =IF(Q109=0,0,IF(P109>$B$20,Q109,0)) -> 0 | M109: 30 | N109: =bar!B103 -> 1 | O109: =bar!E32 -> -14 | P109: =bar!F32 -> 19 | Q109: =bar!H32 -> 0 | R109: =IF($B$2=1,-0.006,IF($D$83=0,$C$83,(P109-$E$83)*$D$83)) -> 0.0026 | S109: =IF(R109<0,-1*IF(ABS(R109)>$N$75,$M$75,$M$75*ABS(R109)/$N$75),IF(ABS(R109)>$N$75,$M$75,$M$75*ABS(R109)/$N$75)) -> 4200 | T109: =IF(R109<0,0,Q109*S109)/1000 -> 0 | U109: =IF(R109>0,0,Q109*S109)/1000 -> 0 | V109: =T109*P109/100 -> 0 | W109: =U109*P109/100 -> 0
...

Sheet R3
A1: Rotated Rectangle + Horizontal Cut (No VBA) | D1: 3 | E1: /20
A2: Cut position λ (0→y_min, 1→y_max) | B2: =D1/20 -> 0.15 | D2: β1= | E2: =check!G5 -> 0.85
A3: Input unit | B3: cm | D3: Output unit | E3: cm
A4: Width B (input unit) | B4: =check!C3 -> 50
A5: Deepth D (input unit) | B5: =check!C4 -> 40
A6: Rotate rectangle θ (deg, about origin) | B6: =90+check!C13 -> 90 | H6: cosθ | I6: sinθ
A7: Cut position 1-(1-λ)β1 | B7: =IF(B2=0,0,1-(1-B2)*E2) -> 0.2775 | D7: Keep side | E7: Above (y >= y_cut) | H7: =COS(RADIANS($B$6)) -> 6.1257423e-17 | I7: =SIN(RADIANS($B$6)) -> 1
A9: Unit scales (mm per unit)
A10: s_in | B10: =IF($B$3="mm",1,IF($B$3="cm",10,IF($B$3="m",1000,1))) -> 10
A11: s_out | B11: =IF($E$3="mm",1,IF($E$3="cm",10,IF($E$3="m",1000,1))) -> 10
A12: len_in_to_out | B12: =$B$10/$B$11 -> 1
A13: Rotated rectangle vertices (after rotation θ)
A14: Corner | B14: x0 | C14: y0 | D14: x_rot | E14: y_rot | F14: Inside?
A15: 1 | B15: =IF(A15=1,-$B$4/2,IF(A15=2,$B$4/2,IF(A15=3,$B$4/2,-$B$4/2))) -> -25 | C15: =IF(A15=1,$B$5/2,IF(A15=2,$B$5/2,IF(A15=3,-$B$5/2,-$B$5/2))) -> 20 | D15: =(B15)*$H$7 - (C15)*$I$7 -> -20 | E15: =(B15)*$I$7 + (C15)*$H$7 -> -25 | F15: =IF($E$7="Above (y >= y_cut)",E15>=$B$20,E15<=$B$20) -> FALSE
A16: 2 | B16: =IF(A16=1,-$B$4/2,IF(A16=2,$B$4/2,IF(A16=3,$B$4/2,-$B$4/2))) -> 25 | C16: =IF(A16=1,$B$5/2,IF(A16=2,$B$5/2,IF(A16=3,-$B$5/2,-$B$5/2))) -> 20 | D16: =(B16)*$H$7 - (C16)*$I$7 -> -20 | E16: =(B16)*$I$7 + (C16)*$H$7 -> 25 | F16: =IF($E$7="Above (y >= y_cut)",E16>=$B$20,E16<=$B$20) -> TRUE
A17: 3 | B17: =IF(A17=1,-$B$4/2,IF(A17=2,$B$4/2,IF(A17=3,$B$4/2,-$B$4/2))) -> 25 | C17: =IF(A17=1,$B$5/2,IF(A17=2,$B$5/2,IF(A17=3,-$B$5/2,-$B$5/2))) -> -20 | D17: =(B17)*$H$7 - (C17)*$I$7 -> 20 | E17: =(B17)*$I$7 + (C17)*$H$7 -> 25 | F17: =IF($E$7="Above (y >= y_cut)",E17>=$B$20,E17<=$B$20) -> TRUE
A18: 4 | B18: =IF(A18=1,-$B$4/2,IF(A18=2,$B$4/2,IF(A18=3,$B$4/2,-$B$4/2))) -> -25 | C18: =IF(A18=1,$B$5/2,IF(A18=2,$B$5/2,IF(A18=3,-$B$5/2,-$B$5/2))) -> -20 | D18: =(B18)*$H$7 - (C18)*$I$7 -> 20 | E18: =(B18)*$I$7 + (C18)*$H$7 -> -25 | F18: =IF($E$7="Above (y >= y_cut)",E18>=$B$20,E18<=$B$20) -> FALSE
G19: x | H19: y | I19: L
A20: y_cut (input unit) | B20: =$B$21 + $B$7*($D$21-$B$21) -> -11.125 | C20: y_cut (output unit) | D20: =$B$20*$B$12 -> -11.125 | E20: Nature ax= | F20: =$B$21 + $B$2*($D$21-$B$21) -> -17.5 | G20: =MIN(D15:D18) -> -20 | H20: =F20 -> -17.5 | I20: =D21-F20 -> 42.5
A21: y_min (input unit) | B21: =MIN($E$15:$E$18) -> -25 | C21: y_max (input unit) | D21: =MAX($E$15:$E$18) -> 25 | G21: =MAX(D15:D18) -> 20 | H21: =F20 -> -17.5
A23: Clipping edges (Sutherland–Hodgman for y >=/<= y_cut)
A24: Edge | B24: S idx | C24: E idx | D24: xS | E24: yS | F24: xE | G24: yE | H24: inS | I24: inE | J24: xInt | K24: nOut | L24: posStart | M24: xOut1 | N24: yOut1 | O24: xOut2 | P24: yOut2
A25: 1 | B25: 1 | C25: 2 | D25: =INDEX($D$15:$D$18,B25) -> -20 | E25: =INDEX($E$15:$E$18,B25) -> -25 | F25: =INDEX($D$15:$D$18,C25) -> -20 | G25: =INDEX($E$15:$E$18,C25) -> 25 | H25: =IF($E$7="Above (y >= y_cut)",E25>=$B$20,E25<=$B$20) -> FALSE | I25: =IF($E$7="Above (y >= y_cut)",G25>=$B$20,G25<=$B$20) -> TRUE | J25: =IF(H25<>I25,IF(G25=E25,"",D25 + ($B$20-E25)*(F25-D25)/(G25-E25)),"") -> -20 | K25: =IF(H25,1,IF(I25,2,0)) -> 2 | L25: 1 | M25: =IF(K25=0,"",IF(H25,IF(I25,F25,J25),J25)) -> -20 | N25: =IF(K25=0,"",IF(H25,IF(I25,G25,$B$20),$B$20)) -> -11.125 | O25: =IF(K25<2,"",F25) -> -20 | P25: =IF(K25<2,"",G25) -> 25
A26: 2 | B26: 2 | C26: 3 | D26: =INDEX($D$15:$D$18,B26) -> -20 | E26: =INDEX($E$15:$E$18,B26) -> 25 | F26: =INDEX($D$15:$D$18,C26) -> 20 | G26: =INDEX($E$15:$E$18,C26) -> 25 | H26: =IF($E$7="Above (y >= y_cut)",E26>=$B$20,E26<=$B$20) -> TRUE | I26: =IF($E$7="Above (y >= y_cut)",G26>=$B$20,G26<=$B$20) -> TRUE | J26: =IF(H26<>I26,IF(G26=E26,"",D26 + ($B$20-E26)*(F26-D26)/(G26-E26)),"") | K26: =IF(H26,1,IF(I26,2,0)) -> 1 | L26: =L25+K25 -> 3 | M26: =IF(K26=0,"",IF(H26,IF(I26,F26,J26),J26)) -> 20 | N26: =IF(K26=0,"",IF(H26,IF(I26,G26,$B$20),$B$20)) -> 25 | O26: =IF(K26<2,"",F26) | P26: =IF(K26<2,"",G26)
A27: 3 | B27: 3 | C27: 4 | D27: =INDEX($D$15:$D$18,B27) -> 20 | E27: =INDEX($E$15:$E$18,B27) -> 25 | F27: =INDEX($D$15:$D$18,C27) -> 20 | G27: =INDEX($E$15:$E$18,C27) -> -25 | H27: =IF($E$7="Above (y >= y_cut)",E27>=$B$20,E27<=$B$20) -> TRUE | I27: =IF($E$7="Above (y >= y_cut)",G27>=$B$20,G27<=$B$20) -> FALSE | J27: =IF(H27<>I27,IF(G27=E27,"",D27 + ($B$20-E27)*(F27-D27)/(G27-E27)),"") -> 20 | K27: =IF(H27,1,IF(I27,2,0)) -> 1 | L27: =L26+K26 -> 4 | M27: =IF(K27=0,"",IF(H27,IF(I27,F27,J27),J27)) -> 20 | N27: =IF(K27=0,"",IF(H27,IF(I27,G27,$B$20),$B$20)) -> -11.125 | O27: =IF(K27<2,"",F27) | P27: =IF(K27<2,"",G27)
A28: 4 | B28: 4 | C28: 1 | D28: =INDEX($D$15:$D$18,B28) -> 20 | E28: =INDEX($E$15:$E$18,B28) -> -25 | F28: =INDEX($D$15:$D$18,C28) -> -20 | G28: =INDEX($E$15:$E$18,C28) -> -25 | H28: =IF($E$7="Above (y >= y_cut)",E28>=$B$20,E28<=$B$20) -> FALSE | I28: =IF($E$7="Above (y >= y_cut)",G28>=$B$20,G28<=$B$20) -> FALSE | J28: =IF(H28<>I28,IF(G28=E28,"",D28 + ($B$20-E28)*(F28-D28)/(G28-E28)),"") | K28: =IF(H28,1,IF(I28,2,0)) -> 0 | L28: =L27+K27 -> 5 | M28: =IF(K28=0,"",IF(H28,IF(I28,F28,J28),J28)) | N28: =IF(K28=0,"",IF(H28,IF(I28,G28,$B$20),$B$20)) | O28: =IF(K28<2,"",F28) | P28: =IF(K28<2,"",G28)
A29: CLOSE | D29: =D25 -> -20 | E29: =E25 -> -25
A30: Total vertices N_out | B30: =SUM($K$25:$K$28) -> 4
A32: Clipped polygon vertices (in traversal order)
A33: k | B33: x_out (in) | C33: y_out (in) | D33: x_out (out) | E33: y_out (out) | F33: Δ | G33: x_term | H33: y_term
A34: 1 | B34: =IF($A34>$B$30,NA(),IF(K34=1,INDEX($M$25:$M$28,J34),INDEX($O$25:$O$28,J34))) -> -20 | C34: =IF($A34>$B$30,NA(),IF(K34=1,INDEX($N$25:$N$28,J34),INDEX($P$25:$P$28,J34))) -> -11.125 | D34: =IF(ISNA(B34),NA(),B34*$B$12) -> -20 | E34: =IF(ISNA(C34),NA(),C34*$B$12) -> -11.125 | F34: =IF($A34>$B$30,"",B34*M34-L34*C34) -> -722.5 | G34: =IF($A34>$B$30,"",(B34+L34)*F34) -> 28900 | H34: =IF($A34>$B$30,"",(C34+M34)*F34) -> -10024.688 | I34: =IF($A34>$B$30,"",LOOKUP($A34,$L$25:$L$28,$A$25:$A$28)) -> 1 | J34: =IF($A34>$B$30,"",MATCH(I34,$A$25:$A$28,0)) -> 1 | K34: =IF($A34>$B$30,"",$A34-INDEX($L$25:$L$28,J34)+1) -> 1 | L34: =IF($A34>$B$30,"",IF($A34<$B$30,B35,$B$34)) -> -20 | M34: =IF($A34>$B$30,"",IF($A34<$B$30,C35,$C$34)) -> 25
A35: 2 | B35: =IF($A35>$B$30,NA(),IF(K35=1,INDEX($M$25:$M$28,J35),INDEX($O$25:$O$28,J35))) -> -20 | C35: =IF($A35>$B$30,NA(),IF(K35=1,INDEX($N$25:$N$28,J35),INDEX($P$25:$P$28,J35))) -> 25 | D35: =IF(ISNA(B35),NA(),B35*$B$12) -> -20 | E35: =IF(ISNA(C35),NA(),C35*$B$12) -> 25 | F35: =IF($A35>$B$30,"",B35*M35-L35*C35) -> -1000 | G35: =IF($A35>$B$30,"",(B35+L35)*F35) -> 0 | H35: =IF($A35>$B$30,"",(C35+M35)*F35) -> -50000 | I35: =IF($A35>$B$30,"",LOOKUP($A35,$L$25:$L$28,$A$25:$A$28)) -> 1 | J35: =IF($A35>$B$30,"",MATCH(I35,$A$25:$A$28,0)) -> 1 | K35: =IF($A35>$B$30,"",$A35-INDEX($L$25:$L$28,J35)+1) -> 2 | L35: =IF($A35>$B$30,"",IF($A35<$B$30,B36,$B$34)) -> 20 | M35: =IF($A35>$B$30,"",IF($A35<$B$30,C36,$C$34)) -> 25
A36: 3 | B36: =IF($A36>$B$30,NA(),IF(K36=1,INDEX($M$25:$M$28,J36),INDEX($O$25:$O$28,J36))) -> 20 | C36: =IF($A36>$B$30,NA(),IF(K36=1,INDEX($N$25:$N$28,J36),INDEX($P$25:$P$28,J36))) -> 25 | D36: =IF(ISNA(B36),NA(),B36*$B$12) -> 20 | E36: =IF(ISNA(C36),NA(),C36*$B$12) -> 25 | F36: =IF($A36>$B$30,"",B36*M36-L36*C36) -> -722.5 | G36: =IF($A36>$B$30,"",(B36+L36)*F36) -> -28900 | H36: =IF($A36>$B$30,"",(C36+M36)*F36) -> -10024.688 | I36: =IF($A36>$B$30,"",LOOKUP($A36,$L$25:$L$28,$A$25:$A$28)) -> 2 | J36: =IF($A36>$B$30,"",MATCH(I36,$A$25:$A$28,0)) -> 2 | K36: =IF($A36>$B$30,"",$A36-INDEX($L$25:$L$28,J36)+1) -> 1 | L36: =IF($A36>$B$30,"",IF($A36<$B$30,B37,$B$34)) -> 20 | M36: =IF($A36>$B$30,"",IF($A36<$B$30,C37,$C$34)) -> -11.125
A37: 4 | B37: =IF($A37>$B$30,NA(),IF(K37=1,INDEX($M$25:$M$28,J37),INDEX($O$25:$O$28,J37))) -> 20 | C37: =IF($A37>$B$30,NA(),IF(K37=1,INDEX($N$25:$N$28,J37),INDEX($P$25:$P$28,J37))) -> -11.125 | D37: =IF(ISNA(B37),NA(),B37*$B$12) -> 20 | E37: =IF(ISNA(C37),NA(),C37*$B$12) -> -11.125 | F37: =IF($A37>$B$30,"",B37*M37-L37*C37) -> -445 | G37: =IF($A37>$B$30,"",(B37+L37)*F37) -> 0 | H37: =IF($A37>$B$30,"",(C37+M37)*F37) -> 9901.25 | I37: =IF($A37>$B$30,"",LOOKUP($A37,$L$25:$L$28,$A$25:$A$28)) -> 3 | J37: =IF($A37>$B$30,"",MATCH(I37,$A$25:$A$28,0)) -> 3 | K37: =IF($A37>$B$30,"",$A37-INDEX($L$25:$L$28,J37)+1) -> 1 | L37: =IF($A37>$B$30,"",IF($A37<$B$30,B38,$B$34)) -> -20 | M37: =IF($A37>$B$30,"",IF($A37<$B$30,C38,$C$34)) -> -11.125
A38: 5 | B38: =IF($A38>$B$30,NA(),IF(K38=1,INDEX($M$25:$M$28,J38),INDEX($O$25:$O$28,J38))) -> #N/A | C38: =IF($A38>$B$30,NA(),IF(K38=1,INDEX($N$25:$N$28,J38),INDEX($P$25:$P$28,J38))) -> #N/A | D38: =IF(ISNA(B38),NA(),B38*$B$12) -> #N/A | E38: =IF(ISNA(C38),NA(),C38*$B$12) -> #N/A | F38: =IF($A38>$B$30,"",B38*M38-L38*C38) | G38: =IF($A38>$B$30,"",(B38+L38)*F38) | H38: =IF($A38>$B$30,"",(C38+M38)*F38) | I38: =IF($A38>$B$30,"",LOOKUP($A38,$L$25:$L$28,$A$25:$A$28)) | J38: =IF($A38>$B$30,"",MATCH(I38,$A$25:$A$28,0)) | K38: =IF($A38>$B$30,"",$A38-INDEX($L$25:$L$28,J38)+1) | L38: =IF($A38>$B$30,"",IF($A38<$B$30,B39,$B$34)) | M38: =IF($A38>$B$30,"",IF($A38<$B$30,C39,$C$34))
A39: 6 | B39: =IF($A39>$B$30,NA(),IF(K39=1,INDEX($M$25:$M$28,J39),INDEX($O$25:$O$28,J39))) -> #N/A | C39: =IF($A39>$B$30,NA(),IF(K39=1,INDEX($N$25:$N$28,J39),INDEX($P$25:$P$28,J39))) -> #N/A | D39: =IF(ISNA(B39),NA(),B39*$B$12) -> #N/A | E39: =IF(ISNA(C39),NA(),C39*$B$12) -> #N/A | F39: =IF($A39>$B$30,"",B39*M39-L39*C39) | G39: =IF($A39>$B$30,"",(B39+L39)*F39) | H39: =IF($A39>$B$30,"",(C39+M39)*F39) | I39: =IF($A39>$B$30,"",LOOKUP($A39,$L$25:$L$28,$A$25:$A$28)) | J39: =IF($A39>$B$30,"",MATCH(I39,$A$25:$A$28,0)) | K39: =IF($A39>$B$30,"",$A39-INDEX($L$25:$L$28,J39)+1) | L39: =IF($A39>$B$30,"",IF($A39<$B$30,B40,$B$34)) | M39: =IF($A39>$B$30,"",IF($A39<$B$30,C40,$C$34))
A40: 7 | B40: =IF($A40>$B$30,NA(),IF(K40=1,INDEX($M$25:$M$28,J40),INDEX($O$25:$O$28,J40))) -> #N/A | C40: =IF($A40>$B$30,NA(),IF(K40=1,INDEX($N$25:$N$28,J40),INDEX($P$25:$P$28,J40))) -> #N/A | D40: =IF(ISNA(B40),NA(),B40*$B$12) -> #N/A | E40: =IF(ISNA(C40),NA(),C40*$B$12) -> #N/A | F40: =IF($A40>$B$30,"",B40*M40-L40*C40) | G40: =IF($A40>$B$30,"",(B40+L40)*F40) | H40: =IF($A40>$B$30,"",(C40+M40)*F40) | I40: =IF($A40>$B$30,"",LOOKUP($A40,$L$25:$L$28,$A$25:$A$28)) | J40: =IF($A40>$B$30,"",MATCH(I40,$A$25:$A$28,0)) | K40: =IF($A40>$B$30,"",$A40-INDEX($L$25:$L$28,J40)+1) | L40: =IF($A40>$B$30,"",IF($A40<$B$30,B41,$B$34)) | M40: =IF($A40>$B$30,"",IF($A40<$B$30,C41,$C$34))
A41: 8 | B41: =IF($A41>$B$30,NA(),IF(K41=1,INDEX($M$25:$M$28,J41),INDEX($O$25:$O$28,J41))) -> #N/A | C41: =IF($A41>$B$30,NA(),IF(K41=1,INDEX($N$25:$N$28,J41),INDEX($P$25:$P$28,J41))) -> #N/A | D41: =IF(ISNA(B41),NA(),B41*$B$12) -> #N/A | E41: =IF(ISNA(C41),NA(),C41*$B$12) -> #N/A | F41: =IF($A41>$B$30,"",B41*M41-L41*C41) | G41: =IF($A41>$B$30,"",(B41+L41)*F41) | H41: =IF($A41>$B$30,"",(C41+M41)*F41) | I41: =IF($A41>$B$30,"",LOOKUP($A41,$L$25:$L$28,$A$25:$A$28)) | J41: =IF($A41>$B$30,"",MATCH(I41,$A$25:$A$28,0)) | K41: =IF($A41>$B$30,"",$A41-INDEX($L$25:$L$28,J41)+1) | L41: =IF($A41>$B$30,"",IF($A41<$B$30,B42,$B$34)) | M41: =IF($A41>$B$30,"",IF($A41<$B$30,C42,$C$34))
A42: close | B42: =IF($B$30<1,NA(),B34) -> -20 | C42: =IF($B$30<1,NA(),C34) -> -11.125 | D42: =IF($B$30<1,NA(),D34) -> -20 | E42: =IF($B$30<1,NA(),E34) -> -11.125
A44: Results
A45: Signed area A_s (in^2) | B45: =0.5*SUM(F34:F41) -> -1445 | C45: =E$3&"^2" -> cm^2
A46: Area A (out^2) | B46: =ABS(B45)*($B$12^2) -> 1445 | C46: =E$3&"^2" -> cm^2
A47: Centroid x̄ (out) | B47: =IFERROR((SUM(G34:G41)/(6*B45))*$B$12,"") -> 0 | C47: =E$3 -> cm
A48: Centroid ȳ (out) | B48: =IFERROR((SUM(H34:H41)/(6*B45))*$B$12,"") -> 6.9375 | C48: =E$3 -> cm
F49: Plot helpers
F50: x_min | G50: =_xlfn.AGGREGATE(15,6,$D$34:$D$41,1) -> -20
F51: x_max | G51: =_xlfn.AGGREGATE(14,6,$D$34:$D$41,1) -> 20
F52: y_min | G52: =_xlfn.AGGREGATE(15,6,$E$34:$E$41,1) -> -11.125
F53: y_max | G53: =_xlfn.AGGREGATE(14,6,$E$34:$E$41,1) -> 25
F54: midx | G54: =(G50+G51)/2 -> 0
F55: midy | G55: =(G52+G53)/2 -> 6.9375
F56: span | G56: =MAX(G51-G50,G53-G52)*1.1 -> 44
F58: Bounds points (invisible)
F59: x_b | G59: y_b
F60: =G54-G56/2 -> -22 | G60: =G55-G56/2 -> -15.0625
F61: =G54+G56/2 -> 22 | G61: =G55+G56/2 -> 28.9375
F63: Cut line
F64: x_cut | G64: y_cut
F65: =F60 -> -22 | G65: =$D$20 -> -11.125
F66: =F61 -> 22 | G66: =$D$20 -> -11.125
F68: Centroid
F69: x_cg | G69: y_cg
F70: =$B$47 -> 0 | G70: =$B$48 -> 6.9375
A72: RC 計算 | B72: P0=0.85fc*Ac | M72: 鋼筋計算
B73: Pc=0.85f'c×Ac | M73: fy | N73: εty | O73: E | P73: εy | Q73: εmax
B74: Mc=Pc×dc | M74: kgf/cm^2 | O74: kgf/cm^2
M75: =check!C10 -> 4200 | N75: =M75/O75 -> 0.0020588235 | O75: 2040000 | P75: =MIN(R80:R479) -> -0.00010588235 | Q75: =check!G85 -> 0
L77: 扣孔 | P77: Ymin | T77: tf | U77: tf | V77: tf-m | W77: tf-m
J78: =N75+C83 -> 0.0050588235 | L78: =SUM(L80:L479) -> 22.8 | P78: =MIN(P80:P479) -> -19 | S78: sum | T78: =SUM(T80:T479) -> 76.608 | U78: =SUM(U80:U479) -> -2.4624 | V78: =SUM(V80:V479) -> 9.755664 | W78: =SUM(W80:W479) -> 0.467856
M79: no | N79: θ | O79: X | P79: Y | Q79: As | R79: εty | S79: fy | T79: Ps | U79: Ts | V79: Psd | W79: Tsd
L80: =IF(Q80=0,0,IF(P80>$B$20,Q80,0)) -> 2.85 | M80: 1 | N80: =bar!B74 -> 12 | O80: =bar!E3 -> -14 | P80: =bar!F3 -> 19 | Q80: =bar!H3 -> 2.85 | R80: =IF($B$2=1,-0.006,IF($D$83=0,$C$83,(P80-$E$83)*$D$83)) -> 0.0025764706 | S80: =IF(R80<0,-1*IF(ABS(R80)>$N$75,$M$75,$M$75*ABS(R80)/$N$75),IF(ABS(R80)>$N$75,$M$75,$M$75*ABS(R80)/$N$75)) -> 4200 | T80: =IF(R80<0,0,Q80*S80)/1000 -> 11.97 | U80: =IF(R80>0,0,Q80*S80)/1000 -> 0 | V80: =T80*P80/100 -> 2.2743 | W80: =U80*P80/100 -> 0
B81: fc | C81: εc | D81: m | E81: 中性軸對應座標 | F81: 等值應力塊對應座標 | G81: 螺箍1橫箍2 | H81: a1 | I81: a2 | J81: 最外緣鋼筋 | K81: ψ | L81: =IF(Q81=0,0,IF(P81>$B$20,Q81,0)) -> 2.85 | M81: 2 | N81: =bar!B75 -> 13 | O81: =bar!E4 -> -14 | P81: =bar!F4 -> 6.3333333 | Q81: =bar!H4 -> 2.85 | R81: =IF($B$2=1,-0.006,IF($D$83=0,$C$83,(P81-$E$83)*$D$83)) -> 0.0016823529 | S81: =IF(R81<0,-1*IF(ABS(R81)>$N$75,$M$75,$M$75*ABS(R81)/$N$75),IF(ABS(R81)>$N$75,$M$75,$M$75*ABS(R81)/$N$75)) -> 3432 | T81: =IF(R81<0,0,Q81*S81)/1000 -> 9.7812 | U81: =IF(R81>0,0,Q81*S81)/1000 -> 0 | V81: =T81*P81/100 -> 0.619476 | W81: =U81*P81/100 -> 0
B82: kgf/cm^2 | D82: εc/x | J82: ε | L82: =IF(Q82=0,0,IF(P82>$B$20,Q82,0)) -> 2.85 | M82: 3 | N82: =bar!B76 -> 14 | O82: =bar!E5 -> -14 | P82: =bar!F5 -> -6.3333333 | Q82: =bar!H5 -> 2.85 | R82: =IF($B$2=1,-0.006,IF($D$83=0,$C$83,(P82-$E$83)*$D$83)) -> 0.00078823529 | S82: =IF(R82<0,-1*IF(ABS(R82)>$N$75,$M$75,$M$75*ABS(R82)/$N$75),IF(ABS(R82)>$N$75,$M$75,$M$75*ABS(R82)/$N$75)) -> 1608 | T82: =IF(R82<0,0,Q82*S82)/1000 -> 4.5828 | U82: =IF(R82>0,0,Q82*S82)/1000 -> 0 | V82: =T82*P82/100 -> -0.290244 | W82: =U82*P82/100 -> 0
B83: =check!C5 -> 280 | C83: =check!G15 -> 0.003 | D83: =IF(I20=(D21-B21),0,C83/I20) -> 7.0588235e-05 | E83: =F20 -> -17.5 | F83: =B87/2-F87 -> 0 | G83: 2 | H83: =IF(G83=1,0.7,0.65) -> 0.65 | I83: =IF(G83=1,0.9-0.75,0.9-0.65) -> 0.25 | J83: =-1*P75 -> 0.00010588235 | K83: =IF(J83<N75,H83,IF(J83<(N75+C83),H83+(J83-N75)*I83/C83,0.9)) -> 0.65 | L83: =IF(Q83=0,0,IF(P83>$B$20,Q83,0)) -> 0 | M83: 4 | N83: =bar!B77 -> 15 | O83: =bar!E6 -> -14 | P83: =bar!F6 -> -19 | Q83: =bar!H6 -> 2.85 | R83: =IF($B$2=1,-0.006,IF($D$83=0,$C$83,(P83-$E$83)*$D$83)) -> -0.00010588235 | S83: =IF(R83<0,-1*IF(ABS(R83)>$N$75,$M$75,$M$75*ABS(R83)/$N$75),IF(ABS(R83)>$N$75,$M$75,$M$75*ABS(R83)/$N$75)) -> -216 | T83: =IF(R83<0,0,Q83*S83)/1000 -> 0 | U83: =IF(R83>0,0,Q83*S83)/1000 -> -0.6156 | V83: =T83*P83/100 -> 0 | W83: =U83*P83/100 -> 0.116964
L84: =IF(Q84=0,0,IF(P84>$B$20,Q84,0)) -> 0 | M84: 5 | N84: =bar!B78 -> 16 | O84: =bar!E7 -> -14 | P84: =bar!F7 -> 19 | Q84: =bar!H7 -> 0 | R84: =IF($B$2=1,-0.006,IF($D$83=0,$C$83,(P84-$E$83)*$D$83)) -> 0.0025764706 | S84: =IF(R84<0,-1*IF(ABS(R84)>$N$75,$M$75,$M$75*ABS(R84)/$N$75),IF(ABS(R84)>$N$75,$M$75,$M$75*ABS(R84)/$N$75)) -> 4200 | T84: =IF(R84<0,0,Q84*S84)/1000 -> 0 | U84: =IF(R84>0,0,Q84*S84)/1000 -> 0 | V84: =T84*P84/100 -> 0 | W84: =U84*P84/100 -> 0
B85: D | C85: B | D85: x | E85: β1 | F85: β1*x | G85: a | H85: θ | I85: Ac | J85: e1 | K85: dc=D/2-e1 | L85: =IF(Q85=0,0,IF(P85>$B$20,Q85,0)) -> 0 | M85: 6 | N85: =bar!B79 -> 17 | O85: =bar!E8 -> -14 | P85: =bar!F8 -> 19 | Q85: =bar!H8 -> 0 | R85: =IF($B$2=1,-0.006,IF($D$83=0,$C$83,(P85-$E$83)*$D$83)) -> 0.0025764706 | S85: =IF(R85<0,-1*IF(ABS(R85)>$N$75,$M$75,$M$75*ABS(R85)/$N$75),IF(ABS(R85)>$N$75,$M$75,$M$75*ABS(R85)/$N$75)) -> 4200 | T85: =IF(R85<0,0,Q85*S85)/1000 -> 0 | U85: =IF(R85>0,0,Q85*S85)/1000 -> 0 | V85: =T85*P85/100 -> 0 | W85: =U85*P85/100 -> 0
B86: cm | C86: cm | D86: cm | F86: cm | G86: cm | I86: cm^2 | J86: cm | K86: cm | L86: =IF(Q86=0,0,IF(P86>$B$20,Q86,0)) -> 0 | M86: 7 | N86: =bar!B80 -> 18 | O86: =bar!E9 -> -14 | P86: =bar!F9 -> 19 | Q86: =bar!H9 -> 0 | R86: =IF($B$2=1,-0.006,IF($D$83=0,$C$83,(P86-$E$83)*$D$83)) -> 0.0025764706 | S86: =IF(R86<0,-1*IF(ABS(R86)>$N$75,$M$75,$M$75*ABS(R86)/$N$75),IF(ABS(R86)>$N$75,$M$75,$M$75*ABS(R86)/$N$75)) -> 4200 | T86: =IF(R86<0,0,Q86*S86)/1000 -> 0 | U86: =IF(R86>0,0,Q86*S86)/1000 -> 0 | V86: =T86*P86/100 -> 0 | W86: =U86*P86/100 -> 0
B87: =check!C76 -> 0 | C87: =check!$C$3 -> 50 | D87: =B87-A97/20*B87 -> 0 | E87: =IF(D87=B87,1,check!G77) -> 1 | F87: =E87*D87 -> 0 | G87: =C87-F87 -> 50 | H87: =DEGREES(ACOS(G87/C87))*2 -> 0 | I87: =B46-L78 -> 1422.2 | J87: =G70 -> 6.9375 | K87: =G70 -> 6.9375 | L87: =IF(Q87=0,0,IF(P87>$B$20,Q87,0)) -> 0 | M87: 8 | N87: =bar!B81 -> 19 | O87: =bar!E10 -> -14 | P87: =bar!F10 -> 19 | Q87: =bar!H10 -> 0 | R87: =IF($B$2=1,-0.006,IF($D$83=0,$C$83,(P87-$E$83)*$D$83)) -> 0.0025764706 | S87: =IF(R87<0,-1*IF(ABS(R87)>$N$75,$M$75,$M$75*ABS(R87)/$N$75),IF(ABS(R87)>$N$75,$M$75,$M$75*ABS(R87)/$N$75)) -> 4200 | T87: =IF(R87<0,0,Q87*S87)/1000 -> 0 | U87: =IF(R87>0,0,Q87*S87)/1000 -> 0 | V87: =T87*P87/100 -> 0 | W87: =U87*P87/100 -> 0
L88: =IF(Q88=0,0,IF(P88>$B$20,Q88,0)) -> 0 | M88: 9 | N88: =bar!B82 -> 20 | O88: =bar!E11 -> -14 | P88: =bar!F11 -> 19 | Q88: =bar!H11 -> 0 | R88: =IF($B$2=1,-0.006,IF($D$83=0,$C$83,(P88-$E$83)*$D$83)) -> 0.0025764706 | S88: =IF(R88<0,-1*IF(ABS(R88)>$N$75,$M$75,$M$75*ABS(R88)/$N$75),IF(ABS(R88)>$N$75,$M$75,$M$75*ABS(R88)/$N$75)) -> 4200 | T88: =IF(R88<0,0,Q88*S88)/1000 -> 0 | U88: =IF(R88>0,0,Q88*S88)/1000 -> 0 | V88: =T88*P88/100 -> 0 | W88: =U88*P88/100 -> 0
B89: Pc | C89: Mc | L89: =IF(Q89=0,0,IF(P89>$B$20,Q89,0)) -> 0 | M89: 10 | N89: =bar!B83 -> 1 | O89: =bar!E12 -> -14 | P89: =bar!F12 -> 19 | Q89: =bar!H12 -> 0 | R89: =IF($B$2=1,-0.006,IF($D$83=0,$C$83,(P89-$E$83)*$D$83)) -> 0.0025764706 | S89: =IF(R89<0,-1*IF(ABS(R89)>$N$75,$M$75,$M$75*ABS(R89)/$N$75),IF(ABS(R89)>$N$75,$M$75,$M$75*ABS(R89)/$N$75)) -> 4200 | T89: =IF(R89<0,0,Q89*S89)/1000 -> 0 | U89: =IF(R89>0,0,Q89*S89)/1000 -> 0 | V89: =T89*P89/100 -> 0 | W89: =U89*P89/100 -> 0
B90: tf | C90: tf-m | L90: =IF(Q90=0,0,IF(P90>$B$20,Q90,0)) -> 0 | M90: 11 | N90: =bar!B84 -> 2 | O90: =bar!E13 -> -14 | P90: =bar!F13 -> 19 | Q90: =bar!H13 -> 0 | R90: =IF($B$2=1,-0.006,IF($D$83=0,$C$83,(P90-$E$83)*$D$83)) -> 0.0025764706 | S90: =IF(R90<0,-1*IF(ABS(R90)>$N$75,$M$75,$M$75*ABS(R90)/$N$75),IF(ABS(R90)>$N$75,$M$75,$M$75*ABS(R90)/$N$75)) -> 4200 | T90: =IF(R90<0,0,Q90*S90)/1000 -> 0 | U90: =IF(R90>0,0,Q90*S90)/1000 -> 0 | V90: =T90*P90/100 -> 0 | W90: =U90*P90/100 -> 0
B91: =0.85*B83*I87/1000 -> 338.4836 | C91: =IFERROR(B91*K87/100,0) -> 23.4823 | L91: =IF(Q91=0,0,IF(P91>$B$20,Q91,0)) -> 0 | M91: 12 | N91: =bar!B85 -> 3 | O91: =bar!E14 -> -14 | P91: =bar!F14 -> 19 | Q91: =bar!H14 -> 0 | R91: =IF($B$2=1,-0.006,IF($D$83=0,$C$83,(P91-$E$83)*$D$83)) -> 0.0025764706 | S91: =IF(R91<0,-1*IF(ABS(R91)>$N$75,$M$75,$M$75*ABS(R91)/$N$75),IF(ABS(R91)>$N$75,$M$75,$M$75*ABS(R91)/$N$75)) -> 4200 | T91: =IF(R91<0,0,Q91*S91)/1000 -> 0 | U91: =IF(R91>0,0,Q91*S91)/1000 -> 0 | V91: =T91*P91/100 -> 0 | W91: =U91*P91/100 -> 0
L92: =IF(Q92=0,0,IF(P92>$B$20,Q92,0)) -> 0 | M92: 13 | N92: =bar!B86 -> 4 | O92: =bar!E15 -> -14 | P92: =bar!F15 -> 19 | Q92: =bar!H15 -> 0 | R92: =IF($B$2=1,-0.006,IF($D$83=0,$C$83,(P92-$E$83)*$D$83)) -> 0.0025764706 | S92: =IF(R92<0,-1*IF(ABS(R92)>$N$75,$M$75,$M$75*ABS(R92)/$N$75),IF(ABS(R92)>$N$75,$M$75,$M$75*ABS(R92)/$N$75)) -> 4200 | T92: =IF(R92<0,0,Q92*S92)/1000 -> 0 | U92: =IF(R92>0,0,Q92*S92)/1000 -> 0 | V92: =T92*P92/100 -> 0 | W92: =U92*P92/100 -> 0
L93: =IF(Q93=0,0,IF(P93>$B$20,Q93,0)) -> 0 | M93: 14 | N93: =bar!B87 -> 5 | O93: =bar!E16 -> -14 | P93: =bar!F16 -> 19 | Q93: =bar!H16 -> 0 | R93: =IF($B$2=1,-0.006,IF($D$83=0,$C$83,(P93-$E$83)*$D$83)) -> 0.0025764706 | S93: =IF(R93<0,-1*IF(ABS(R93)>$N$75,$M$75,$M$75*ABS(R93)/$N$75),IF(ABS(R93)>$N$75,$M$75,$M$75*ABS(R93)/$N$75)) -> 4200 | T93: =IF(R93<0,0,Q93*S93)/1000 -> 0 | U93: =IF(R93>0,0,Q93*S93)/1000 -> 0 | V93: =T93*P93/100 -> 0 | W93: =U93*P93/100 -> 0
B94: 總應力計算 | L94: =IF(Q94=0,0,IF(P94>$B$20,Q94,0)) -> 0 | M94: 15 | N94: =bar!B88 -> 6 | O94: =bar!E17 -> -14 | P94: =bar!F17 -> 19 | Q94: =bar!H17 -> 0 | R94: =IF($B$2=1,-0.006,IF($D$83=0,$C$83,(P94-$E$83)*$D$83)) -> 0.0025764706 | S94: =IF(R94<0,-1*IF(ABS(R94)>$N$75,$M$75,$M$75*ABS(R94)/$N$75),IF(ABS(R94)>$N$75,$M$75,$M$75*ABS(R94)/$N$75)) -> 4200 | T94: =IF(R94<0,0,Q94*S94)/1000 -> 0 | U94: =IF(R94>0,0,Q94*S94)/1000 -> 0 | V94: =T94*P94/100 -> 0 | W94: =U94*P94/100 -> 0
B95: Mn | C95: Pn | D95: ψ | L95: =IF(Q95=0,0,IF(P95>$B$20,Q95,0)) -> 0 | M95: 16 | N95: =bar!B89 -> 7 | O95: =bar!E18 -> -14 | P95: =bar!F18 -> 19 | Q95: =bar!H18 -> 0 | R95: =IF($B$2=1,-0.006,IF($D$83=0,$C$83,(P95-$E$83)*$D$83)) -> 0.0025764706 | S95: =IF(R95<0,-1*IF(ABS(R95)>$N$75,$M$75,$M$75*ABS(R95)/$N$75),IF(ABS(R95)>$N$75,$M$75,$M$75*ABS(R95)/$N$75)) -> 4200 | T95: =IF(R95<0,0,Q95*S95)/1000 -> 0 | U95: =IF(R95>0,0,Q95*S95)/1000 -> 0 | V95: =T95*P95/100 -> 0 | W95: =U95*P95/100 -> 0
B96: tf-m | C96: tf | L96: =IF(Q96=0,0,IF(P96>$B$20,Q96,0)) -> 0 | M96: 17 | N96: =bar!B90 -> 8 | O96: =bar!E19 -> -14 | P96: =bar!F19 -> 19 | Q96: =bar!H19 -> 0 | R96: =IF($B$2=1,-0.006,IF($D$83=0,$C$83,(P96-$E$83)*$D$83)) -> 0.0025764706 | S96: =IF(R96<0,-1*IF(ABS(R96)>$N$75,$M$75,$M$75*ABS(R96)/$N$75),IF(ABS(R96)>$N$75,$M$75,$M$75*ABS(R96)/$N$75)) -> 4200 | T96: =IF(R96<0,0,Q96*S96)/1000 -> 0 | U96: =IF(R96>0,0,Q96*S96)/1000 -> 0 | V96: =T96*P96/100 -> 0 | W96: =U96*P96/100 -> 0
A97: =D1 -> 3 | B97: =C91+V78+W78 -> 33.70582 | C97: =B91+T78+U78 -> 412.6292 | D97: =K83 -> 0.65 | L97: =IF(Q97=0,0,IF(P97>$B$20,Q97,0)) -> 0 | M97: 18 | N97: =bar!B91 -> 9 | O97: =bar!E20 -> -14 | P97: =bar!F20 -> 19 | Q97: =bar!H20 -> 0 | R97: =IF($B$2=1,-0.006,IF($D$83=0,$C$83,(P97-$E$83)*$D$83)) -> 0.0025764706 | S97: =IF(R97<0,-1*IF(ABS(R97)>$N$75,$M$75,$M$75*ABS(R97)/$N$75),IF(ABS(R97)>$N$75,$M$75,$M$75*ABS(R97)/$N$75)) -> 4200 | T97: =IF(R97<0,0,Q97*S97)/1000 -> 0 | U97: =IF(R97>0,0,Q97*S97)/1000 -> 0 | V97: =T97*P97/100 -> 0 | W97: =U97*P97/100 -> 0
L98: =IF(Q98=0,0,IF(P98>$B$20,Q98,0)) -> 0 | M98: 19 | N98: =bar!B92 -> 10 | O98: =bar!E21 -> -14 | P98: =bar!F21 -> 19 | Q98: =bar!H21 -> 0 | R98: =IF($B$2=1,-0.006,IF($D$83=0,$C$83,(P98-$E$83)*$D$83)) -> 0.0025764706 | S98: =IF(R98<0,-1*IF(ABS(R98)>$N$75,$M$75,$M$75*ABS(R98)/$N$75),IF(ABS(R98)>$N$75,$M$75,$M$75*ABS(R98)/$N$75)) -> 4200 | T98: =IF(R98<0,0,Q98*S98)/1000 -> 0 | U98: =IF(R98>0,0,Q98*S98)/1000 -> 0 | V98: =T98*P98/100 -> 0 | W98: =U98*P98/100 -> 0
L99: =IF(Q99=0,0,IF(P99>$B$20,Q99,0)) -> 0 | M99: 20 | N99: =bar!B93 -> 11 | O99: =bar!E22 -> -14 | P99: =bar!F22 -> 19 | Q99: =bar!H22 -> 0 | R99: =IF($B$2=1,-0.006,IF($D$83=0,$C$83,(P99-$E$83)*$D$83)) -> 0.0025764706 | S99: =IF(R99<0,-1*IF(ABS(R99)>$N$75,$M$75,$M$75*ABS(R99)/$N$75),IF(ABS(R99)>$N$75,$M$75,$M$75*ABS(R99)/$N$75)) -> 4200 | T99: =IF(R99<0,0,Q99*S99)/1000 -> 0 | U99: =IF(R99>0,0,Q99*S99)/1000 -> 0 | V99: =T99*P99/100 -> 0 | W99: =U99*P99/100 -> 0
L100: =IF(Q100=0,0,IF(P100>$B$20,Q100,0)) -> 2.85 | M100: 21 | N100: =bar!B94 -> 12 | O100: =bar!E23 -> -4.6666667 | P100: =bar!F23 -> 19 | Q100: =bar!H23 -> 2.85 | R100: =IF($B$2=1,-0.006,IF($D$83=0,$C$83,(P100-$E$83)*$D$83)) -> 0.0025764706 | S100: =IF(R100<0,-1*IF(ABS(R100)>$N$75,$M$75,$M$75*ABS(R100)/$N$75),IF(ABS(R100)>$N$75,$M$75,$M$75*ABS(R100)/$N$75)) -> 4200 | T100: =IF(R100<0,0,Q100*S100)/1000 -> 11.97 | U100: =IF(R100>0,0,Q100*S100)/1000 -> 0 | V100: =T100*P100/100 -> 2.2743 | W100: =U100*P100/100 -> 0
L101: =IF(Q101=0,0,IF(P101>$B$20,Q101,0)) -> 0 | M101: 22 | N101: =bar!B95 -> 13 | O101: =bar!E24 -> -14 | P101: =bar!F24 -> 19 | Q101: =bar!H24 -> 0 | R101: =IF($B$2=1,-0.006,IF($D$83=0,$C$83,(P101-$E$83)*$D$83)) -> 0.0025764706 | S101: =IF(R101<0,-1*IF(ABS(R101)>$N$75,$M$75,$M$75*ABS(R101)/$N$75),IF(ABS(R101)>$N$75,$M$75,$M$75*ABS(R101)/$N$75)) -> 4200 | T101: =IF(R101<0,0,Q101*S101)/1000 -> 0 | U101: =IF(R101>0,0,Q101*S101)/1000 -> 0 | V101: =T101*P101/100 -> 0 | W101: =U101*P101/100 -> 0
L102: =IF(Q102=0,0,IF(P102>$B$20,Q102,0)) -> 0 | M102: 23 | N102: =bar!B96 -> 14 | O102: =bar!E25 -> -14 | P102: =bar!F25 -> 19 | Q102: =bar!H25 -> 0 | R102: =IF($B$2=1,-0.006,IF($D$83=0,$C$83,(P102-$E$83)*$D$83)) -> 0.0025764706 | S102: =IF(R102<0,-1*IF(ABS(R102)>$N$75,$M$75,$M$75*ABS(R102)/$N$75),IF(ABS(R102)>$N$75,$M$75,$M$75*ABS(R102)/$N$75)) -> 4200 | T102: =IF(R102<0,0,Q102*S102)/1000 -> 0 | U102: =IF(R102>0,0,Q102*S102)/1000 -> 0 | V102: =T102*P102/100 -> 0 | W102: =U102*P102/100 -> 0
L103: =IF(Q103=0,0,IF(P103>$B$20,Q103,0)) -> 0 | M103: 24 | N103: =bar!B97 -> 15 | O103: =bar!E26 -> -4.6666667 | P103: =bar!F26 -> -19 | Q103: =bar!H26 -> 2.85 | R103: =IF($B$2=1,-0.006,IF($D$83=0,$C$83,(P103-$E$83)*$D$83)) -> -0.00010588235 | S103: =IF(R103<0,-1*IF(ABS(R103)>$N$75,$M$75,$M$75*ABS(R103)/$N$75),IF(ABS(R103)>$N$75,$M$75,$M$75*ABS(R103)/$N$75)) -> -216 | T103: =IF(R103<0,0,Q103*S103)/1000 -> 0 | U103: =IF(R103>0,0,Q103*S103)/1000 -> -0.6156 | V103: =T103*P103/100 -> 0 | W103: =U103*P103/100 -> 0.116964
L104: =IF(Q104=0,0,IF(P104>$B$20,Q104,0)) -> 0 | M104: 25 | N104: =bar!B98 -> 16 | O104: =bar!E27 -> -14 | P104: =bar!F27 -> 19 | Q104: =bar!H27 -> 0 | R104: =IF($B$2=1,-0.006,IF($D$83=0,$C$83,(P104-$E$83)*$D$83)) -> 0.0025764706 | S104: =IF(R104<0,-1*IF(ABS(R104)>$N$75,$M$75,$M$75*ABS(R104)/$N$75),IF(ABS(R104)>$N$75,$M$75,$M$75*ABS(R104)/$N$75)) -> 4200 | T104: =IF(R104<0,0,Q104*S104)/1000 -> 0 | U104: =IF(R104>0,0,Q104*S104)/1000 -> 0 | V104: =T104*P104/100 -> 0 | W104: =U104*P104/100 -> 0
L105: =IF(Q105=0,0,IF(P105>$B$20,Q105,0)) -> 0 | M105: 26 | N105: =bar!B99 -> 17 | O105: =bar!E28 -> -14 | P105: =bar!F28 -> 19 | Q105: =bar!H28 -> 0 | R105: =IF($B$2=1,-0.006,IF($D$83=0,$C$83,(P105-$E$83)*$D$83)) -> 0.0025764706 | S105: =IF(R105<0,-1*IF(ABS(R105)>$N$75,$M$75,$M$75*ABS(R105)/$N$75),IF(ABS(R105)>$N$75,$M$75,$M$75*ABS(R105)/$N$75)) -> 4200 | T105: =IF(R105<0,0,Q105*S105)/1000 -> 0 | U105: =IF(R105>0,0,Q105*S105)/1000 -> 0 | V105: =T105*P105/100 -> 0 | W105: =U105*P105/100 -> 0
L106: =IF(Q106=0,0,IF(P106>$B$20,Q106,0)) -> 0 | M106: 27 | N106: =bar!B100 -> 18 | O106: =bar!E29 -> -14 | P106: =bar!F29 -> 19 | Q106: =bar!H29 -> 0 | R106: =IF($B$2=1,-0.006,IF($D$83=0,$C$83,(P106-$E$83)*$D$83)) -> 0.0025764706 | S106: =IF(R106<0,-1*IF(ABS(R106)>$N$75,$M$75,$M$75*ABS(R106)/$N$75),IF(ABS(R106)>$N$75,$M$75,$M$75*ABS(R106)/$N$75)) -> 4200 | T106: =IF(R106<0,0,Q106*S106)/1000 -> 0 | U106: =IF(R106>0,0,Q106*S106)/1000 -> 0 | V106: =T106*P106/100 -> 0 | W106: =U106*P106/100 -> 0
L107: =IF(Q107=0,0,IF(P107>$B$20,Q107,0)) -> 0 | M107: 28 | N107: =bar!B101 -> 19 | O107: =bar!E30 -> -14 | P107: =bar!F30 -> 19 | Q107: =bar!H30 -> 0 | R107: =IF($B$2=1,-0.006,IF($D$83=0,$C$83,(P107-$E$83)*$D$83)) -> 0.0025764706 | S107: =IF(R107<0,-1*IF(ABS(R107)>$N$75,$M$75,$M$75*ABS(R107)/$N$75),IF(ABS(R107)>$N$75,$M$75,$M$75*ABS(R107)/$N$75)) -> 4200 | T107: =IF(R107<0,0,Q107*S107)/1000 -> 0 | U107: =IF(R107>0,0,Q107*S107)/1000 -> 0 | V107: =T107*P107/100 -> 0 | W107: =U107*P107/100 -> 0
L108: =IF(Q108=0,0,IF(P108>$B$20,Q108,0)) -> 0 | M108: 29 | N108: =bar!B102 -> 20 | O108: =bar!E31 -> -14 | P108: =bar!F31 -> 19 | Q108: =bar!H31 -> 0 | R108: =IF($B$2=1,-0.006,IF($D$83=0,$C$83,(P108-$E$83)*$D$83)) -> 0.0025764706 | S108: =IF(R108<0,-1*IF(ABS(R108)>$N$75,$M$75,$M$75*ABS(R108)/$N$75),IF(ABS(R108)>$N$75,$M$75,$M$75*ABS(R108)/$N$75)) -> 4200 | T108: =IF(R108<0,0,Q108*S108)/1000 -> 0 | U108: =IF(R108>0,0,Q108*S108)/1000 -> 0 | V108: =T108*P108/100 -> 0 | W108: =U108*P108/100 -> 0
L109: =IF(Q109=0,0,IF(P109>$B$20,Q109,0)) -> 0 | M109: 30 | N109: =bar!B103 -> 1 | O109: =bar!E32 -> -14 | P109: =bar!F32 -> 19 | Q109: =bar!H32 -> 0 | R109: =IF($B$2=1,-0.006,IF($D$83=0,$C$83,(P109-$E$83)*$D$83)) -> 0.0025764706 | S109: =IF(R109<0,-1*IF(ABS(R109)>$N$75,$M$75,$M$75*ABS(R109)/$N$75),IF(ABS(R109)>$N$75,$M$75,$M$75*ABS(R109)/$N$75)) -> 4200 | T109: =IF(R109<0,0,Q109*S109)/1000 -> 0 | U109: =IF(R109>0,0,Q109*S109)/1000 -> 0 | V109: =T109*P109/100 -> 0 | W109: =U109*P109/100 -> 0
...

Sheet R4
A1: Rotated Rectangle + Horizontal Cut (No VBA) | D1: 4 | E1: /20
A2: Cut position λ (0→y_min, 1→y_max) | B2: =D1/20 -> 0.2 | D2: β1= | E2: =check!G5 -> 0.85
A3: Input unit | B3: cm | D3: Output unit | E3: cm
A4: Width B (input unit) | B4: =check!C3 -> 50
A5: Deepth D (input unit) | B5: =check!C4 -> 40
A6: Rotate rectangle θ (deg, about origin) | B6: =90+check!C13 -> 90 | H6: cosθ | I6: sinθ
A7: Cut position 1-(1-λ)β1 | B7: =IF(B2=0,0,1-(1-B2)*E2) -> 0.32 | D7: Keep side | E7: Above (y >= y_cut) | H7: =COS(RADIANS($B$6)) -> 6.1257423e-17 | I7: =SIN(RADIANS($B$6)) -> 1
A9: Unit scales (mm per unit)
A10: s_in | B10: =IF($B$3="mm",1,IF($B$3="cm",10,IF($B$3="m",1000,1))) -> 10
A11: s_out | B11: =IF($E$3="mm",1,IF($E$3="cm",10,IF($E$3="m",1000,1))) -> 10
A12: len_in_to_out | B12: =$B$10/$B$11 -> 1
A13: Rotated rectangle vertices (after rotation θ)
A14: Corner | B14: x0 | C14: y0 | D14: x_rot | E14: y_rot | F14: Inside?
A15: 1 | B15: =IF(A15=1,-$B$4/2,IF(A15=2,$B$4/2,IF(A15=3,$B$4/2,-$B$4/2))) -> -25 | C15: =IF(A15=1,$B$5/2,IF(A15=2,$B$5/2,IF(A15=3,-$B$5/2,-$B$5/2))) -> 20 | D15: =(B15)*$H$7 - (C15)*$I$7 -> -20 | E15: =(B15)*$I$7 + (C15)*$H$7 -> -25 | F15: =IF($E$7="Above (y >= y_cut)",E15>=$B$20,E15<=$B$20) -> FALSE
A16: 2 | B16: =IF(A16=1,-$B$4/2,IF(A16=2,$B$4/2,IF(A16=3,$B$4/2,-$B$4/2))) -> 25 | C16: =IF(A16=1,$B$5/2,IF(A16=2,$B$5/2,IF(A16=3,-$B$5/2,-$B$5/2))) -> 20 | D16: =(B16)*$H$7 - (C16)*$I$7 -> -20 | E16: =(B16)*$I$7 + (C16)*$H$7 -> 25 | F16: =IF($E$7="Above (y >= y_cut)",E16>=$B$20,E16<=$B$20) -> TRUE
A17: 3 | B17: =IF(A17=1,-$B$4/2,IF(A17=2,$B$4/2,IF(A17=3,$B$4/2,-$B$4/2))) -> 25 | C17: =IF(A17=1,$B$5/2,IF(A17=2,$B$5/2,IF(A17=3,-$B$5/2,-$B$5/2))) -> -20 | D17: =(B17)*$H$7 - (C17)*$I$7 -> 20 | E17: =(B17)*$I$7 + (C17)*$H$7 -> 25 | F17: =IF($E$7="Above (y >= y_cut)",E17>=$B$20,E17<=$B$20) -> TRUE
A18: 4 | B18: =IF(A18=1,-$B$4/2,IF(A18=2,$B$4/2,IF(A18=3,$B$4/2,-$B$4/2))) -> -25 | C18: =IF(A18=1,$B$5/2,IF(A18=2,$B$5/2,IF(A18=3,-$B$5/2,-$B$5/2))) -> -20 | D18: =(B18)*$H$7 - (C18)*$I$7 -> 20 | E18: =(B18)*$I$7 + (C18)*$H$7 -> -25 | F18: =IF($E$7="Above (y >= y_cut)",E18>=$B$20,E18<=$B$20) -> FALSE
G19: x | H19: y | I19: L
A20: y_cut (input unit) | B20: =$B$21 + $B$7*($D$21-$B$21) -> -9 | C20: y_cut (output unit) | D20: =$B$20*$B$12 -> -9 | E20: Nature ax= | F20: =$B$21 + $B$2*($D$21-$B$21) -> -15 | G20: =MIN(D15:D18) -> -20 | H20: =F20 -> -15 | I20: =D21-F20 -> 40
A21: y_min (input unit) | B21: =MIN($E$15:$E$18) -> -25 | C21: y_max (input unit) | D21: =MAX($E$15:$E$18) -> 25 | G21: =MAX(D15:D18) -> 20 | H21: =F20 -> -15
A23: Clipping edges (Sutherland–Hodgman for y >=/<= y_cut)
A24: Edge | B24: S idx | C24: E idx | D24: xS | E24: yS | F24: xE | G24: yE | H24: inS | I24: inE | J24: xInt | K24: nOut | L24: posStart | M24: xOut1 | N24: yOut1 | O24: xOut2 | P24: yOut2
A25: 1 | B25: 1 | C25: 2 | D25: =INDEX($D$15:$D$18,B25) -> -20 | E25: =INDEX($E$15:$E$18,B25) -> -25 | F25: =INDEX($D$15:$D$18,C25) -> -20 | G25: =INDEX($E$15:$E$18,C25) -> 25 | H25: =IF($E$7="Above (y >= y_cut)",E25>=$B$20,E25<=$B$20) -> FALSE | I25: =IF($E$7="Above (y >= y_cut)",G25>=$B$20,G25<=$B$20) -> TRUE | J25: =IF(H25<>I25,IF(G25=E25,"",D25 + ($B$20-E25)*(F25-D25)/(G25-E25)),"") -> -20 | K25: =IF(H25,1,IF(I25,2,0)) -> 2 | L25: 1 | M25: =IF(K25=0,"",IF(H25,IF(I25,F25,J25),J25)) -> -20 | N25: =IF(K25=0,"",IF(H25,IF(I25,G25,$B$20),$B$20)) -> -9 | O25: =IF(K25<2,"",F25) -> -20 | P25: =IF(K25<2,"",G25) -> 25
A26: 2 | B26: 2 | C26: 3 | D26: =INDEX($D$15:$D$18,B26) -> -20 | E26: =INDEX($E$15:$E$18,B26) -> 25 | F26: =INDEX($D$15:$D$18,C26) -> 20 | G26: =INDEX($E$15:$E$18,C26) -> 25 | H26: =IF($E$7="Above (y >= y_cut)",E26>=$B$20,E26<=$B$20) -> TRUE | I26: =IF($E$7="Above (y >= y_cut)",G26>=$B$20,G26<=$B$20) -> TRUE | J26: =IF(H26<>I26,IF(G26=E26,"",D26 + ($B$20-E26)*(F26-D26)/(G26-E26)),"") | K26: =IF(H26,1,IF(I26,2,0)) -> 1 | L26: =L25+K25 -> 3 | M26: =IF(K26=0,"",IF(H26,IF(I26,F26,J26),J26)) -> 20 | N26: =IF(K26=0,"",IF(H26,IF(I26,G26,$B$20),$B$20)) -> 25 | O26: =IF(K26<2,"",F26) | P26: =IF(K26<2,"",G26)
A27: 3 | B27: 3 | C27: 4 | D27: =INDEX($D$15:$D$18,B27) -> 20 | E27: =INDEX($E$15:$E$18,B27) -> 25 | F27: =INDEX($D$15:$D$18,C27) -> 20 | G27: =INDEX($E$15:$E$18,C27) -> -25 | H27: =IF($E$7="Above (y >= y_cut)",E27>=$B$20,E27<=$B$20) -> TRUE | I27: =IF($E$7="Above (y >= y_cut)",G27>=$B$20,G27<=$B$20) -> FALSE | J27: =IF(H27<>I27,IF(G27=E27,"",D27 + ($B$20-E27)*(F27-D27)/(G27-E27)),"") -> 20 | K27: =IF(H27,1,IF(I27,2,0)) -> 1 | L27: =L26+K26 -> 4 | M27: =IF(K27=0,"",IF(H27,IF(I27,F27,J27),J27)) -> 20 | N27: =IF(K27=0,"",IF(H27,IF(I27,G27,$B$20),$B$20)) -> -9 | O27: =IF(K27<2,"",F27) | P27: =IF(K27<2,"",G27)
A28: 4 | B28: 4 | C28: 1 | D28: =INDEX($D$15:$D$18,B28) -> 20 | E28: =INDEX($E$15:$E$18,B28) -> -25 | F28: =INDEX($D$15:$D$18,C28) -> -20 | G28: =INDEX($E$15:$E$18,C28) -> -25 | H28: =IF($E$7="Above (y >= y_cut)",E28>=$B$20,E28<=$B$20) -> FALSE | I28: =IF($E$7="Above (y >= y_cut)",G28>=$B$20,G28<=$B$20) -> FALSE | J28: =IF(H28<>I28,IF(G28=E28,"",D28 + ($B$20-E28)*(F28-D28)/(G28-E28)),"") | K28: =IF(H28,1,IF(I28,2,0)) -> 0 | L28: =L27+K27 -> 5 | M28: =IF(K28=0,"",IF(H28,IF(I28,F28,J28),J28)) | N28: =IF(K28=0,"",IF(H28,IF(I28,G28,$B$20),$B$20)) | O28: =IF(K28<2,"",F28) | P28: =IF(K28<2,"",G28)
A29: CLOSE | D29: =D25 -> -20 | E29: =E25 -> -25
A30: Total vertices N_out | B30: =SUM($K$25:$K$28) -> 4
A32: Clipped polygon vertices (in traversal order)
A33: k | B33: x_out (in) | C33: y_out (in) | D33: x_out (out) | E33: y_out (out) | F33: Δ | G33: x_term | H33: y_term
A34: 1 | B34: =IF($A34>$B$30,NA(),IF(K34=1,INDEX($M$25:$M$28,J34),INDEX($O$25:$O$28,J34))) -> -20 | C34: =IF($A34>$B$30,NA(),IF(K34=1,INDEX($N$25:$N$28,J34),INDEX($P$25:$P$28,J34))) -> -9 | D34: =IF(ISNA(B34),NA(),B34*$B$12) -> -20 | E34: =IF(ISNA(C34),NA(),C34*$B$12) -> -9 | F34: =IF($A34>$B$30,"",B34*M34-L34*C34) -> -680 | G34: =IF($A34>$B$30,"",(B34+L34)*F34) -> 27200 | H34: =IF($A34>$B$30,"",(C34+M34)*F34) -> -10880 | I34: =IF($A34>$B$30,"",LOOKUP($A34,$L$25:$L$28,$A$25:$A$28)) -> 1 | J34: =IF($A34>$B$30,"",MATCH(I34,$A$25:$A$28,0)) -> 1 | K34: =IF($A34>$B$30,"",$A34-INDEX($L$25:$L$28,J34)+1) -> 1 | L34: =IF($A34>$B$30,"",IF($A34<$B$30,B35,$B$34)) -> -20 | M34: =IF($A34>$B$30,"",IF($A34<$B$30,C35,$C$34)) -> 25
A35: 2 | B35: =IF($A35>$B$30,NA(),IF(K35=1,INDEX($M$25:$M$28,J35),INDEX($O$25:$O$28,J35))) -> -20 | C35: =IF($A35>$B$30,NA(),IF(K35=1,INDEX($N$25:$N$28,J35),INDEX($P$25:$P$28,J35))) -> 25 | D35: =IF(ISNA(B35),NA(),B35*$B$12) -> -20 | E35: =IF(ISNA(C35),NA(),C35*$B$12) -> 25 | F35: =IF($A35>$B$30,"",B35*M35-L35*C35) -> -1000 | G35: =IF($A35>$B$30,"",(B35+L35)*F35) -> 0 | H35: =IF($A35>$B$30,"",(C35+M35)*F35) -> -50000 | I35: =IF($A35>$B$30,"",LOOKUP($A35,$L$25:$L$28,$A$25:$A$28)) -> 1 | J35: =IF($A35>$B$30,"",MATCH(I35,$A$25:$A$28,0)) -> 1 | K35: =IF($A35>$B$30,"",$A35-INDEX($L$25:$L$28,J35)+1) -> 2 | L35: =IF($A35>$B$30,"",IF($A35<$B$30,B36,$B$34)) -> 20 | M35: =IF($A35>$B$30,"",IF($A35<$B$30,C36,$C$34)) -> 25
A36: 3 | B36: =IF($A36>$B$30,NA(),IF(K36=1,INDEX($M$25:$M$28,J36),INDEX($O$25:$O$28,J36))) -> 20 | C36: =IF($A36>$B$30,NA(),IF(K36=1,INDEX($N$25:$N$28,J36),INDEX($P$25:$P$28,J36))) -> 25 | D36: =IF(ISNA(B36),NA(),B36*$B$12) -> 20 | E36: =IF(ISNA(C36),NA(),C36*$B$12) -> 25 | F36: =IF($A36>$B$30,"",B36*M36-L36*C36) -> -680 | G36: =IF($A36>$B$30,"",(B36+L36)*F36) -> -27200 | H36: =IF($A36>$B$30,"",(C36+M36)*F36) -> -10880 | I36: =IF($A36>$B$30,"",LOOKUP($A36,$L$25:$L$28,$A$25:$A$28)) -> 2 | J36: =IF($A36>$B$30,"",MATCH(I36,$A$25:$A$28,0)) -> 2 | K36: =IF($A36>$B$30,"",$A36-INDEX($L$25:$L$28,J36)+1) -> 1 | L36: =IF($A36>$B$30,"",IF($A36<$B$30,B37,$B$34)) -> 20 | M36: =IF($A36>$B$30,"",IF($A36<$B$30,C37,$C$34)) -> -9
A37: 4 | B37: =IF($A37>$B$30,NA(),IF(K37=1,INDEX($M$25:$M$28,J37),INDEX($O$25:$O$28,J37))) -> 20 | C37: =IF($A37>$B$30,NA(),IF(K37=1,INDEX($N$25:$N$28,J37),INDEX($P$25:$P$28,J37))) -> -9 | D37: =IF(ISNA(B37),NA(),B37*$B$12) -> 20 | E37: =IF(ISNA(C37),NA(),C37*$B$12) -> -9 | F37: =IF($A37>$B$30,"",B37*M37-L37*C37) -> -360 | G37: =IF($A37>$B$30,"",(B37+L37)*F37) -> 0 | H37: =IF($A37>$B$30,"",(C37+M37)*F37) -> 6480 | I37: =IF($A37>$B$30,"",LOOKUP($A37,$L$25:$L$28,$A$25:$A$28)) -> 3 | J37: =IF($A37>$B$30,"",MATCH(I37,$A$25:$A$28,0)) -> 3 | K37: =IF($A37>$B$30,"",$A37-INDEX($L$25:$L$28,J37)+1) -> 1 | L37: =IF($A37>$B$30,"",IF($A37<$B$30,B38,$B$34)) -> -20 | M37: =IF($A37>$B$30,"",IF($A37<$B$30,C38,$C$34)) -> -9
A38: 5 | B38: =IF($A38>$B$30,NA(),IF(K38=1,INDEX($M$25:$M$28,J38),INDEX($O$25:$O$28,J38))) -> #N/A | C38: =IF($A38>$B$30,NA(),IF(K38=1,INDEX($N$25:$N$28,J38),INDEX($P$25:$P$28,J38))) -> #N/A | D38: =IF(ISNA(B38),NA(),B38*$B$12) -> #N/A | E38: =IF(ISNA(C38),NA(),C38*$B$12) -> #N/A | F38: =IF($A38>$B$30,"",B38*M38-L38*C38) | G38: =IF($A38>$B$30,"",(B38+L38)*F38) | H38: =IF($A38>$B$30,"",(C38+M38)*F38) | I38: =IF($A38>$B$30,"",LOOKUP($A38,$L$25:$L$28,$A$25:$A$28)) | J38: =IF($A38>$B$30,"",MATCH(I38,$A$25:$A$28,0)) | K38: =IF($A38>$B$30,"",$A38-INDEX($L$25:$L$28,J38)+1) | L38: =IF($A38>$B$30,"",IF($A38<$B$30,B39,$B$34)) | M38: =IF($A38>$B$30,"",IF($A38<$B$30,C39,$C$34))
A39: 6 | B39: =IF($A39>$B$30,NA(),IF(K39=1,INDEX($M$25:$M$28,J39),INDEX($O$25:$O$28,J39))) -> #N/A | C39: =IF($A39>$B$30,NA(),IF(K39=1,INDEX($N$25:$N$28,J39),INDEX($P$25:$P$28,J39))) -> #N/A | D39: =IF(ISNA(B39),NA(),B39*$B$12) -> #N/A | E39: =IF(ISNA(C39),NA(),C39*$B$12) -> #N/A | F39: =IF($A39>$B$30,"",B39*M39-L39*C39) | G39: =IF($A39>$B$30,"",(B39+L39)*F39) | H39: =IF($A39>$B$30,"",(C39+M39)*F39) | I39: =IF($A39>$B$30,"",LOOKUP($A39,$L$25:$L$28,$A$25:$A$28)) | J39: =IF($A39>$B$30,"",MATCH(I39,$A$25:$A$28,0)) | K39: =IF($A39>$B$30,"",$A39-INDEX($L$25:$L$28,J39)+1) | L39: =IF($A39>$B$30,"",IF($A39<$B$30,B40,$B$34)) | M39: =IF($A39>$B$30,"",IF($A39<$B$30,C40,$C$34))
A40: 7 | B40: =IF($A40>$B$30,NA(),IF(K40=1,INDEX($M$25:$M$28,J40),INDEX($O$25:$O$28,J40))) -> #N/A | C40: =IF($A40>$B$30,NA(),IF(K40=1,INDEX($N$25:$N$28,J40),INDEX($P$25:$P$28,J40))) -> #N/A | D40: =IF(ISNA(B40),NA(),B40*$B$12) -> #N/A | E40: =IF(ISNA(C40),NA(),C40*$B$12) -> #N/A | F40: =IF($A40>$B$30,"",B40*M40-L40*C40) | G40: =IF($A40>$B$30,"",(B40+L40)*F40) | H40: =IF($A40>$B$30,"",(C40+M40)*F40) | I40: =IF($A40>$B$30,"",LOOKUP($A40,$L$25:$L$28,$A$25:$A$28)) | J40: =IF($A40>$B$30,"",MATCH(I40,$A$25:$A$28,0)) | K40: =IF($A40>$B$30,"",$A40-INDEX($L$25:$L$28,J40)+1) | L40: =IF($A40>$B$30,"",IF($A40<$B$30,B41,$B$34)) | M40: =IF($A40>$B$30,"",IF($A40<$B$30,C41,$C$34))
A41: 8 | B41: =IF($A41>$B$30,NA(),IF(K41=1,INDEX($M$25:$M$28,J41),INDEX($O$25:$O$28,J41))) -> #N/A | C41: =IF($A41>$B$30,NA(),IF(K41=1,INDEX($N$25:$N$28,J41),INDEX($P$25:$P$28,J41))) -> #N/A | D41: =IF(ISNA(B41),NA(),B41*$B$12) -> #N/A | E41: =IF(ISNA(C41),NA(),C41*$B$12) -> #N/A | F41: =IF($A41>$B$30,"",B41*M41-L41*C41) | G41: =IF($A41>$B$30,"",(B41+L41)*F41) | H41: =IF($A41>$B$30,"",(C41+M41)*F41) | I41: =IF($A41>$B$30,"",LOOKUP($A41,$L$25:$L$28,$A$25:$A$28)) | J41: =IF($A41>$B$30,"",MATCH(I41,$A$25:$A$28,0)) | K41: =IF($A41>$B$30,"",$A41-INDEX($L$25:$L$28,J41)+1) | L41: =IF($A41>$B$30,"",IF($A41<$B$30,B42,$B$34)) | M41: =IF($A41>$B$30,"",IF($A41<$B$30,C42,$C$34))
A42: close | B42: =IF($B$30<1,NA(),B34) -> -20 | C42: =IF($B$30<1,NA(),C34) -> -9 | D42: =IF($B$30<1,NA(),D34) -> -20 | E42: =IF($B$30<1,NA(),E34) -> -9
A44: Results
A45: Signed area A_s (in^2) | B45: =0.5*SUM(F34:F41) -> -1360 | C45: =E$3&"^2" -> cm^2
A46: Area A (out^2) | B46: =ABS(B45)*($B$12^2) -> 1360 | C46: =E$3&"^2" -> cm^2
A47: Centroid x̄ (out) | B47: =IFERROR((SUM(G34:G41)/(6*B45))*$B$12,"") -> 0 | C47: =E$3 -> cm
A48: Centroid ȳ (out) | B48: =IFERROR((SUM(H34:H41)/(6*B45))*$B$12,"") -> 8 | C48: =E$3 -> cm
F49: Plot helpers
F50: x_min | G50: =_xlfn.AGGREGATE(15,6,$D$34:$D$41,1) -> -20
F51: x_max | G51: =_xlfn.AGGREGATE(14,6,$D$34:$D$41,1) -> 20
F52: y_min | G52: =_xlfn.AGGREGATE(15,6,$E$34:$E$41,1) -> -9
F53: y_max | G53: =_xlfn.AGGREGATE(14,6,$E$34:$E$41,1) -> 25
F54: midx | G54: =(G50+G51)/2 -> 0
F55: midy | G55: =(G52+G53)/2 -> 8
F56: span | G56: =MAX(G51-G50,G53-G52)*1.1 -> 44
F58: Bounds points (invisible)
F59: x_b | G59: y_b
F60: =G54-G56/2 -> -22 | G60: =G55-G56/2 -> -14
F61: =G54+G56/2 -> 22 | G61: =G55+G56/2 -> 30
F63: Cut line
F64: x_cut | G64: y_cut
F65: =F60 -> -22 | G65: =$D$20 -> -9
F66: =F61 -> 22 | G66: =$D$20 -> -9
F68: Centroid
F69: x_cg | G69: y_cg
F70: =$B$47 -> 0 | G70: =$B$48 -> 8
A72: RC 計算 | B72: P0=0.85fc*Ac | M72: 鋼筋計算
B73: Pc=0.85f'c×Ac | M73: fy | N73: εty | O73: E | P73: εy | Q73: εmax
B74: Mc=Pc×dc | M74: kgf/cm^2 | O74: kgf/cm^2
M75: =check!C10 -> 4200 | N75: =M75/O75 -> 0.0020588235 | O75: 2040000 | P75: =MIN(R80:R479) -> -0.0003 | Q75: =check!G85 -> 0
L77: 扣孔 | P77: Ymin | T77: tf | U77: tf | V77: tf-m | W77: tf-m
J78: =N75+C83 -> 0.0050588235 | L78: =SUM(L80:L479) -> 22.8 | P78: =MIN(P80:P479) -> -19 | S78: sum | T78: =SUM(T80:T479) -> 74.043 | U78: =SUM(U80:U479) -> -6.9768 | V78: =SUM(V80:V479) -> 9.796818 | W78: =SUM(W80:W479) -> 1.325592
M79: no | N79: θ | O79: X | P79: Y | Q79: As | R79: εty | S79: fy | T79: Ps | U79: Ts | V79: Psd | W79: Tsd
L80: =IF(Q80=0,0,IF(P80>$B$20,Q80,0)) -> 2.85 | M80: 1 | N80: =bar!B74 -> 12 | O80: =bar!E3 -> -14 | P80: =bar!F3 -> 19 | Q80: =bar!H3 -> 2.85 | R80: =IF($B$2=1,-0.006,IF($D$83=0,$C$83,(P80-$E$83)*$D$83)) -> 0.00255 | S80: =IF(R80<0,-1*IF(ABS(R80)>$N$75,$M$75,$M$75*ABS(R80)/$N$75),IF(ABS(R80)>$N$75,$M$75,$M$75*ABS(R80)/$N$75)) -> 4200 | T80: =IF(R80<0,0,Q80*S80)/1000 -> 11.97 | U80: =IF(R80>0,0,Q80*S80)/1000 -> 0 | V80: =T80*P80/100 -> 2.2743 | W80: =U80*P80/100 -> 0
B81: fc | C81: εc | D81: m | E81: 中性軸對應座標 | F81: 等值應力塊對應座標 | G81: 螺箍1橫箍2 | H81: a1 | I81: a2 | J81: 最外緣鋼筋 | K81: ψ | L81: =IF(Q81=0,0,IF(P81>$B$20,Q81,0)) -> 2.85 | M81: 2 | N81: =bar!B75 -> 13 | O81: =bar!E4 -> -14 | P81: =bar!F4 -> 6.3333333 | Q81: =bar!H4 -> 2.85 | R81: =IF($B$2=1,-0.006,IF($D$83=0,$C$83,(P81-$E$83)*$D$83)) -> 0.0016 | S81: =IF(R81<0,-1*IF(ABS(R81)>$N$75,$M$75,$M$75*ABS(R81)/$N$75),IF(ABS(R81)>$N$75,$M$75,$M$75*ABS(R81)/$N$75)) -> 3264 | T81: =IF(R81<0,0,Q81*S81)/1000 -> 9.3024 | U81: =IF(R81>0,0,Q81*S81)/1000 -> 0 | V81: =T81*P81/100 -> 0.589152 | W81: =U81*P81/100 -> 0
B82: kgf/cm^2 | D82: εc/x | J82: ε | L82: =IF(Q82=0,0,IF(P82>$B$20,Q82,0)) -> 2.85 | M82: 3 | N82: =bar!B76 -> 14 | O82: =bar!E5 -> -14 | P82: =bar!F5 -> -6.3333333 | Q82: =bar!H5 -> 2.85 | R82: =IF($B$2=1,-0.006,IF($D$83=0,$C$83,(P82-$E$83)*$D$83)) -> 0.00065 | S82: =IF(R82<0,-1*IF(ABS(R82)>$N$75,$M$75,$M$75*ABS(R82)/$N$75),IF(ABS(R82)>$N$75,$M$75,$M$75*ABS(R82)/$N$75)) -> 1326 | T82: =IF(R82<0,0,Q82*S82)/1000 -> 3.7791 | U82: =IF(R82>0,0,Q82*S82)/1000 -> 0 | V82: =T82*P82/100 -> -0.239343 | W82: =U82*P82/100 -> 0
B83: =check!C5 -> 280 | C83: =check!G15 -> 0.003 | D83: =IF(I20=(D21-B21),0,C83/I20) -> 7.5e-05 | E83: =F20 -> -15 | F83: =B87/2-F87 -> 0 | G83: 2 | H83: =IF(G83=1,0.7,0.65) -> 0.65 | I83: =IF(G83=1,0.9-0.75,0.9-0.65) -> 0.25 | J83: =-1*P75 -> 0.0003 | K83: =IF(J83<N75,H83,IF(J83<(N75+C83),H83+(J83-N75)*I83/C83,0.9)) -> 0.65 | L83: =IF(Q83=0,0,IF(P83>$B$20,Q83,0)) -> 0 | M83: 4 | N83: =bar!B77 -> 15 | O83: =bar!E6 -> -14 | P83: =bar!F6 -> -19 | Q83: =bar!H6 -> 2.85 | R83: =IF($B$2=1,-0.006,IF($D$83=0,$C$83,(P83-$E$83)*$D$83)) -> -0.0003 | S83: =IF(R83<0,-1*IF(ABS(R83)>$N$75,$M$75,$M$75*ABS(R83)/$N$75),IF(ABS(R83)>$N$75,$M$75,$M$75*ABS(R83)/$N$75)) -> -612 | T83: =IF(R83<0,0,Q83*S83)/1000 -> 0 | U83: =IF(R83>0,0,Q83*S83)/1000 -> -1.7442 | V83: =T83*P83/100 -> 0 | W83: =U83*P83/100 -> 0.331398
L84: =IF(Q84=0,0,IF(P84>$B$20,Q84,0)) -> 0 | M84: 5 | N84: =bar!B78 -> 16 | O84: =bar!E7 -> -14 | P84: =bar!F7 -> 19 | Q84: =bar!H7 -> 0 | R84: =IF($B$2=1,-0.006,IF($D$83=0,$C$83,(P84-$E$83)*$D$83)) -> 0.00255 | S84: =IF(R84<0,-1*IF(ABS(R84)>$N$75,$M$75,$M$75*ABS(R84)/$N$75),IF(ABS(R84)>$N$75,$M$75,$M$75*ABS(R84)/$N$75)) -> 4200 | T84: =IF(R84<0,0,Q84*S84)/1000 -> 0 | U84: =IF(R84>0,0,Q84*S84)/1000 -> 0 | V84: =T84*P84/100 -> 0 | W84: =U84*P84/100 -> 0
B85: D | C85: B | D85: x | E85: β1 | F85: β1*x | G85: a | H85: θ | I85: Ac | J85: e1 | K85: dc=D/2-e1 | L85: =IF(Q85=0,0,IF(P85>$B$20,Q85,0)) -> 0 | M85: 6 | N85: =bar!B79 -> 17 | O85: =bar!E8 -> -14 | P85: =bar!F8 -> 19 | Q85: =bar!H8 -> 0 | R85: =IF($B$2=1,-0.006,IF($D$83=0,$C$83,(P85-$E$83)*$D$83)) -> 0.00255 | S85: =IF(R85<0,-1*IF(ABS(R85)>$N$75,$M$75,$M$75*ABS(R85)/$N$75),IF(ABS(R85)>$N$75,$M$75,$M$75*ABS(R85)/$N$75)) -> 4200 | T85: =IF(R85<0,0,Q85*S85)/1000 -> 0 | U85: =IF(R85>0,0,Q85*S85)/1000 -> 0 | V85: =T85*P85/100 -> 0 | W85: =U85*P85/100 -> 0
B86: cm | C86: cm | D86: cm | F86: cm | G86: cm | I86: cm^2 | J86: cm | K86: cm | L86: =IF(Q86=0,0,IF(P86>$B$20,Q86,0)) -> 0 | M86: 7 | N86: =bar!B80 -> 18 | O86: =bar!E9 -> -14 | P86: =bar!F9 -> 19 | Q86: =bar!H9 -> 0 | R86: =IF($B$2=1,-0.006,IF($D$83=0,$C$83,(P86-$E$83)*$D$83)) -> 0.00255 | S86: =IF(R86<0,-1*IF(ABS(R86)>$N$75,$M$75,$M$75*ABS(R86)/$N$75),IF(ABS(R86)>$N$75,$M$75,$M$75*ABS(R86)/$N$75)) -> 4200 | T86: =IF(R86<0,0,Q86*S86)/1000 -> 0 | U86: =IF(R86>0,0,Q86*S86)/1000 -> 0 | V86: =T86*P86/100 -> 0 | W86: =U86*P86/100 -> 0
B87: =check!C76 -> 0 | C87: =check!$C$3 -> 50 | D87: =B87-A97/20*B87 -> 0 | E87: =IF(D87=B87,1,check!G77) -> 1 | F87: =E87*D87 -> 0 | G87: =C87-F87 -> 50 | H87: =DEGREES(ACOS(G87/C87))*2 -> 0 | I87: =B46-L78 -> 1337.2 | J87: =G70 -> 8 | K87: =G70 -> 8 | L87: =IF(Q87=0,0,IF(P87>$B$20,Q87,0)) -> 0 | M87: 8 | N87: =bar!B81 -> 19 | O87: =bar!E10 -> -14 | P87: =bar!F10 -> 19 | Q87: =bar!H10 -> 0 | R87: =IF($B$2=1,-0.006,IF($D$83=0,$C$83,(P87-$E$83)*$D$83)) -> 0.00255 | S87: =IF(R87<0,-1*IF(ABS(R87)>$N$75,$M$75,$M$75*ABS(R87)/$N$75),IF(ABS(R87)>$N$75,$M$75,$M$75*ABS(R87)/$N$75)) -> 4200 | T87: =IF(R87<0,0,Q87*S87)/1000 -> 0 | U87: =IF(R87>0,0,Q87*S87)/1000 -> 0 | V87: =T87*P87/100 -> 0 | W87: =U87*P87/100 -> 0
L88: =IF(Q88=0,0,IF(P88>$B$20,Q88,0)) -> 0 | M88: 9 | N88: =bar!B82 -> 20 | O88: =bar!E11 -> -14 | P88: =bar!F11 -> 19 | Q88: =bar!H11 -> 0 | R88: =IF($B$2=1,-0.006,IF($D$83=0,$C$83,(P88-$E$83)*$D$83)) -> 0.00255 | S88: =IF(R88<0,-1*IF(ABS(R88)>$N$75,$M$75,$M$75*ABS(R88)/$N$75),IF(ABS(R88)>$N$75,$M$75,$M$75*ABS(R88)/$N$75)) -> 4200 | T88: =IF(R88<0,0,Q88*S88)/1000 -> 0 | U88: =IF(R88>0,0,Q88*S88)/1000 -> 0 | V88: =T88*P88/100 -> 0 | W88: =U88*P88/100 -> 0
B89: Pc | C89: Mc | L89: =IF(Q89=0,0,IF(P89>$B$20,Q89,0)) -> 0 | M89: 10 | N89: =bar!B83 -> 1 | O89: =bar!E12 -> -14 | P89: =bar!F12 -> 19 | Q89: =bar!H12 -> 0 | R89: =IF($B$2=1,-0.006,IF($D$83=0,$C$83,(P89-$E$83)*$D$83)) -> 0.00255 | S89: =IF(R89<0,-1*IF(ABS(R89)>$N$75,$M$75,$M$75*ABS(R89)/$N$75),IF(ABS(R89)>$N$75,$M$75,$M$75*ABS(R89)/$N$75)) -> 4200 | T89: =IF(R89<0,0,Q89*S89)/1000 -> 0 | U89: =IF(R89>0,0,Q89*S89)/1000 -> 0 | V89: =T89*P89/100 -> 0 | W89: =U89*P89/100 -> 0
B90: tf | C90: tf-m | L90: =IF(Q90=0,0,IF(P90>$B$20,Q90,0)) -> 0 | M90: 11 | N90: =bar!B84 -> 2 | O90: =bar!E13 -> -14 | P90: =bar!F13 -> 19 | Q90: =bar!H13 -> 0 | R90: =IF($B$2=1,-0.006,IF($D$83=0,$C$83,(P90-$E$83)*$D$83)) -> 0.00255 | S90: =IF(R90<0,-1*IF(ABS(R90)>$N$75,$M$75,$M$75*ABS(R90)/$N$75),IF(ABS(R90)>$N$75,$M$75,$M$75*ABS(R90)/$N$75)) -> 4200 | T90: =IF(R90<0,0,Q90*S90)/1000 -> 0 | U90: =IF(R90>0,0,Q90*S90)/1000 -> 0 | V90: =T90*P90/100 -> 0 | W90: =U90*P90/100 -> 0
B91: =0.85*B83*I87/1000 -> 318.2536 | C91: =IFERROR(B91*K87/100,0) -> 25.460288 | L91: =IF(Q91=0,0,IF(P91>$B$20,Q91,0)) -> 0 | M91: 12 | N91: =bar!B85 -> 3 | O91: =bar!E14 -> -14 | P91: =bar!F14 -> 19 | Q91: =bar!H14 -> 0 | R91: =IF($B$2=1,-0.006,IF($D$83=0,$C$83,(P91-$E$83)*$D$83)) -> 0.00255 | S91: =IF(R91<0,-1*IF(ABS(R91)>$N$75,$M$75,$M$75*ABS(R91)/$N$75),IF(ABS(R91)>$N$75,$M$75,$M$75*ABS(R91)/$N$75)) -> 4200 | T91: =IF(R91<0,0,Q91*S91)/1000 -> 0 | U91: =IF(R91>0,0,Q91*S91)/1000 -> 0 | V91: =T91*P91/100 -> 0 | W91: =U91*P91/100 -> 0
L92: =IF(Q92=0,0,IF(P92>$B$20,Q92,0)) -> 0 | M92: 13 | N92: =bar!B86 -> 4 | O92: =bar!E15 -> -14 | P92: =bar!F15 -> 19 | Q92: =bar!H15 -> 0 | R92: =IF($B$2=1,-0.006,IF($D$83=0,$C$83,(P92-$E$83)*$D$83)) -> 0.00255 | S92: =IF(R92<0,-1*IF(ABS(R92)>$N$75,$M$75,$M$75*ABS(R92)/$N$75),IF(ABS(R92)>$N$75,$M$75,$M$75*ABS(R92)/$N$75)) -> 4200 | T92: =IF(R92<0,0,Q92*S92)/1000 -> 0 | U92: =IF(R92>0,0,Q92*S92)/1000 -> 0 | V92: =T92*P92/100 -> 0 | W92: =U92*P92/100 -> 0
L93: =IF(Q93=0,0,IF(P93>$B$20,Q93,0)) -> 0 | M93: 14 | N93: =bar!B87 -> 5 | O93: =bar!E16 -> -14 | P93: =bar!F16 -> 19 | Q93: =bar!H16 -> 0 | R93: =IF($B$2=1,-0.006,IF($D$83=0,$C$83,(P93-$E$83)*$D$83)) -> 0.00255 | S93: =IF(R93<0,-1*IF(ABS(R93)>$N$75,$M$75,$M$75*ABS(R93)/$N$75),IF(ABS(R93)>$N$75,$M$75,$M$75*ABS(R93)/$N$75)) -> 4200 | T93: =IF(R93<0,0,Q93*S93)/1000 -> 0 | U93: =IF(R93>0,0,Q93*S93)/1000 -> 0 | V93: =T93*P93/100 -> 0 | W93: =U93*P93/100 -> 0
B94: 總應力計算 | L94: =IF(Q94=0,0,IF(P94>$B$20,Q94,0)) -> 0 | M94: 15 | N94: =bar!B88 -> 6 | O94: =bar!E17 -> -14 | P94: =bar!F17 -> 19 | Q94: =bar!H17 -> 0 | R94: =IF($B$2=1,-0.006,IF($D$83=0,$C$83,(P94-$E$83)*$D$83)) -> 0.00255 | S94: =IF(R94<0,-1*IF(ABS(R94)>$N$75,$M$75,$M$75*ABS(R94)/$N$75),IF(ABS(R94)>$N$75,$M$75,$M$75*ABS(R94)/$N$75)) -> 4200 | T94: =IF(R94<0,0,Q94*S94)/1000 -> 0 | U94: =IF(R94>0,0,Q94*S94)/1000 -> 0 | V94: =T94*P94/100 -> 0 | W94: =U94*P94/100 -> 0
B95: Mn | C95: Pn | D95: ψ | L95: =IF(Q95=0,0,IF(P95>$B$20,Q95,0)) -> 0 | M95: 16 | N95: =bar!B89 -> 7 | O95: =bar!E18 -> -14 | P95: =bar!F18 -> 19 | Q95: =bar!H18 -> 0 | R95: =IF($B$2=1,-0.006,IF($D$83=0,$C$83,(P95-$E$83)*$D$83)) -> 0.00255 | S95: =IF(R95<0,-1*IF(ABS(R95)>$N$75,$M$75,$M$75*ABS(R95)/$N$75),IF(ABS(R95)>$N$75,$M$75,$M$75*ABS(R95)/$N$75)) -> 4200 | T95: =IF(R95<0,0,Q95*S95)/1000 -> 0 | U95: =IF(R95>0,0,Q95*S95)/1000 -> 0 | V95: =T95*P95/100 -> 0 | W95: =U95*P95/100 -> 0
B96: tf-m | C96: tf | L96: =IF(Q96=0,0,IF(P96>$B$20,Q96,0)) -> 0 | M96: 17 | N96: =bar!B90 -> 8 | O96: =bar!E19 -> -14 | P96: =bar!F19 -> 19 | Q96: =bar!H19 -> 0 | R96: =IF($B$2=1,-0.006,IF($D$83=0,$C$83,(P96-$E$83)*$D$83)) -> 0.00255 | S96: =IF(R96<0,-1*IF(ABS(R96)>$N$75,$M$75,$M$75*ABS(R96)/$N$75),IF(ABS(R96)>$N$75,$M$75,$M$75*ABS(R96)/$N$75)) -> 4200 | T96: =IF(R96<0,0,Q96*S96)/1000 -> 0 | U96: =IF(R96>0,0,Q96*S96)/1000 -> 0 | V96: =T96*P96/100 -> 0 | W96: =U96*P96/100 -> 0
A97: =D1 -> 4 | B97: =C91+V78+W78 -> 36.582698 | C97: =B91+T78+U78 -> 385.3198 | D97: =K83 -> 0.65 | L97: =IF(Q97=0,0,IF(P97>$B$20,Q97,0)) -> 0 | M97: 18 | N97: =bar!B91 -> 9 | O97: =bar!E20 -> -14 | P97: =bar!F20 -> 19 | Q97: =bar!H20 -> 0 | R97: =IF($B$2=1,-0.006,IF($D$83=0,$C$83,(P97-$E$83)*$D$83)) -> 0.00255 | S97: =IF(R97<0,-1*IF(ABS(R97)>$N$75,$M$75,$M$75*ABS(R97)/$N$75),IF(ABS(R97)>$N$75,$M$75,$M$75*ABS(R97)/$N$75)) -> 4200 | T97: =IF(R97<0,0,Q97*S97)/1000 -> 0 | U97: =IF(R97>0,0,Q97*S97)/1000 -> 0 | V97: =T97*P97/100 -> 0 | W97: =U97*P97/100 -> 0
L98: =IF(Q98=0,0,IF(P98>$B$20,Q98,0)) -> 0 | M98: 19 | N98: =bar!B92 -> 10 | O98: =bar!E21 -> -14 | P98: =bar!F21 -> 19 | Q98: =bar!H21 -> 0 | R98: =IF($B$2=1,-0.006,IF($D$83=0,$C$83,(P98-$E$83)*$D$83)) -> 0.00255 | S98: =IF(R98<0,-1*IF(ABS(R98)>$N$75,$M$75,$M$75*ABS(R98)/$N$75),IF(ABS(R98)>$N$75,$M$75,$M$75*ABS(R98)/$N$75)) -> 4200 | T98: =IF(R98<0,0,Q98*S98)/1000 -> 0 | U98: =IF(R98>0,0,Q98*S98)/1000 -> 0 | V98: =T98*P98/100 -> 0 | W98: =U98*P98/100 -> 0
L99: =IF(Q99=0,0,IF(P99>$B$20,Q99,0)) -> 0 | M99: 20 | N99: =bar!B93 -> 11 | O99: =bar!E22 -> -14 | P99: =bar!F22 -> 19 | Q99: =bar!H22 -> 0 | R99: =IF($B$2=1,-0.006,IF($D$83=0,$C$83,(P99-$E$83)*$D$83)) -> 0.00255 | S99: =IF(R99<0,-1*IF(ABS(R99)>$N$75,$M$75,$M$75*ABS(R99)/$N$75),IF(ABS(R99)>$N$75,$M$75,$M$75*ABS(R99)/$N$75)) -> 4200 | T99: =IF(R99<0,0,Q99*S99)/1000 -> 0 | U99: =IF(R99>0,0,Q99*S99)/1000 -> 0 | V99: =T99*P99/100 -> 0 | W99: =U99*P99/100 -> 0
L100: =IF(Q100=0,0,IF(P100>$B$20,Q100,0)) -> 2.85 | M100: 21 | N100: =bar!B94 -> 12 | O100: =bar!E23 -> -4.6666667 | P100: =bar!F23 -> 19 | Q100: =bar!H23 -> 2.85 | R100: =IF($B$2=1,-0.006,IF($D$83=0,$C$83,(P100-$E$83)*$D$83)) -> 0.00255 | S100: =IF(R100<0,-1*IF(ABS(R100)>$N$75,$M$75,$M$75*ABS(R100)/$N$75),IF(ABS(R100)>$N$75,$M$75,$M$75*ABS(R100)/$N$75)) -> 4200 | T100: =IF(R100<0,0,Q100*S100)/1000 -> 11.97 | U100: =IF(R100>0,0,Q100*S100)/1000 -> 0 | V100: =T100*P100/100 -> 2.2743 | W100: =U100*P100/100 -> 0
L101: =IF(Q101=0,0,IF(P101>$B$20,Q101,0)) -> 0 | M101: 22 | N101: =bar!B95 -> 13 | O101: =bar!E24 -> -14 | P101: =bar!F24 -> 19 | Q101: =bar!H24 -> 0 | R101: =IF($B$2=1,-0.006,IF($D$83=0,$C$83,(P101-$E$83)*$D$83)) -> 0.00255 | S101: =IF(R101<0,-1*IF(ABS(R101)>$N$75,$M$75,$M$75*ABS(R101)/$N$75),IF(ABS(R101)>$N$75,$M$75,$M$75*ABS(R101)/$N$75)) -> 4200 | T101: =IF(R101<0,0,Q101*S101)/1000 -> 0 | U101: =IF(R101>0,0,Q101*S101)/1000 -> 0 | V101: =T101*P101/100 -> 0 | W101: =U101*P101/100 -> 0
L102: =IF(Q102=0,0,IF(P102>$B$20,Q102,0)) -> 0 | M102: 23 | N102: =bar!B96 -> 14 | O102: =bar!E25 -> -14 | P102: =bar!F25 -> 19 | Q102: =bar!H25 -> 0 | R102: =IF($B$2=1,-0.006,IF($D$83=0,$C$83,(P102-$E$83)*$D$83)) -> 0.00255 | S102: =IF(R102<0,-1*IF(ABS(R102)>$N$75,$M$75,$M$75*ABS(R102)/$N$75),IF(ABS(R102)>$N$75,$M$75,$M$75*ABS(R102)/$N$75)) -> 4200 | T102: =IF(R102<0,0,Q102*S102)/1000 -> 0 | U102: =IF(R102>0,0,Q102*S102)/1000 -> 0 | V102: =T102*P102/100 -> 0 | W102: =U102*P102/100 -> 0
L103: =IF(Q103=0,0,IF(P103>$B$20,Q103,0)) -> 0 | M103: 24 | N103: =bar!B97 -> 15 | O103: =bar!E26 -> -4.6666667 | P103: =bar!F26 -> -19 | Q103: =bar!H26 -> 2.85 | R103: =IF($B$2=1,-0.006,IF($D$83=0,$C$83,(P103-$E$83)*$D$83)) -> -0.0003 | S103: =IF(R103<0,-1*IF(ABS(R103)>$N$75,$M$75,$M$75*ABS(R103)/$N$75),IF(ABS(R103)>$N$75,$M$75,$M$75*ABS(R103)/$N$75)) -> -612 | T103: =IF(R103<0,0,Q103*S103)/1000 -> 0 | U103: =IF(R103>0,0,Q103*S103)/1000 -> -1.7442 | V103: =T103*P103/100 -> 0 | W103: =U103*P103/100 -> 0.331398
L104: =IF(Q104=0,0,IF(P104>$B$20,Q104,0)) -> 0 | M104: 25 | N104: =bar!B98 -> 16 | O104: =bar!E27 -> -14 | P104: =bar!F27 -> 19 | Q104: =bar!H27 -> 0 | R104: =IF($B$2=1,-0.006,IF($D$83=0,$C$83,(P104-$E$83)*$D$83)) -> 0.00255 | S104: =IF(R104<0,-1*IF(ABS(R104)>$N$75,$M$75,$M$75*ABS(R104)/$N$75),IF(ABS(R104)>$N$75,$M$75,$M$75*ABS(R104)/$N$75)) -> 4200 | T104: =IF(R104<0,0,Q104*S104)/1000 -> 0 | U104: =IF(R104>0,0,Q104*S104)/1000 -> 0 | V104: =T104*P104/100 -> 0 | W104: =U104*P104/100 -> 0
L105: =IF(Q105=0,0,IF(P105>$B$20,Q105,0)) -> 0 | M105: 26 | N105: =bar!B99 -> 17 | O105: =bar!E28 -> -14 | P105: =bar!F28 -> 19 | Q105: =bar!H28 -> 0 | R105: =IF($B$2=1,-0.006,IF($D$83=0,$C$83,(P105-$E$83)*$D$83)) -> 0.00255 | S105: =IF(R105<0,-1*IF(ABS(R105)>$N$75,$M$75,$M$75*ABS(R105)/$N$75),IF(ABS(R105)>$N$75,$M$75,$M$75*ABS(R105)/$N$75)) -> 4200 | T105: =IF(R105<0,0,Q105*S105)/1000 -> 0 | U105: =IF(R105>0,0,Q105*S105)/1000 -> 0 | V105: =T105*P105/100 -> 0 | W105: =U105*P105/100 -> 0
L106: =IF(Q106=0,0,IF(P106>$B$20,Q106,0)) -> 0 | M106: 27 | N106: =bar!B100 -> 18 | O106: =bar!E29 -> -14 | P106: =bar!F29 -> 19 | Q106: =bar!H29 -> 0 | R106: =IF($B$2=1,-0.006,IF($D$83=0,$C$83,(P106-$E$83)*$D$83)) -> 0.00255 | S106: =IF(R106<0,-1*IF(ABS(R106)>$N$75,$M$75,$M$75*ABS(R106)/$N$75),IF(ABS(R106)>$N$75,$M$75,$M$75*ABS(R106)/$N$75)) -> 4200 | T106: =IF(R106<0,0,Q106*S106)/1000 -> 0 | U106: =IF(R106>0,0,Q106*S106)/1000 -> 0 | V106: =T106*P106/100 -> 0 | W106: =U106*P106/100 -> 0
L107: =IF(Q107=0,0,IF(P107>$B$20,Q107,0)) -> 0 | M107: 28 | N107: =bar!B101 -> 19 | O107: =bar!E30 -> -14 | P107: =bar!F30 -> 19 | Q107: =bar!H30 -> 0 | R107: =IF($B$2=1,-0.006,IF($D$83=0,$C$83,(P107-$E$83)*$D$83)) -> 0.00255 | S107: =IF(R107<0,-1*IF(ABS(R107)>$N$75,$M$75,$M$75*ABS(R107)/$N$75),IF(ABS(R107)>$N$75,$M$75,$M$75*ABS(R107)/$N$75)) -> 4200 | T107: =IF(R107<0,0,Q107*S107)/1000 -> 0 | U107: =IF(R107>0,0,Q107*S107)/1000 -> 0 | V107: =T107*P107/100 -> 0 | W107: =U107*P107/100 -> 0
L108: =IF(Q108=0,0,IF(P108>$B$20,Q108,0)) -> 0 | M108: 29 | N108: =bar!B102 -> 20 | O108: =bar!E31 -> -14 | P108: =bar!F31 -> 19 | Q108: =bar!H31 -> 0 | R108: =IF($B$2=1,-0.006,IF($D$83=0,$C$83,(P108-$E$83)*$D$83)) -> 0.00255 | S108: =IF(R108<0,-1*IF(ABS(R108)>$N$75,$M$75,$M$75*ABS(R108)/$N$75),IF(ABS(R108)>$N$75,$M$75,$M$75*ABS(R108)/$N$75)) -> 4200 | T108: =IF(R108<0,0,Q108*S108)/1000 -> 0 | U108: =IF(R108>0,0,Q108*S108)/1000 -> 0 | V108: =T108*P108/100 -> 0 | W108: =U108*P108/100 -> 0
L109: =IF(Q109=0,0,IF(P109>$B$20,Q109,0)) -> 0 | M109: 30 | N109: =bar!B103 -> 1 | O109: =bar!E32 -> -14 | P109: =bar!F32 -> 19 | Q109: =bar!H32 -> 0 | R109: =IF($B$2=1,-0.006,IF($D$83=0,$C$83,(P109-$E$83)*$D$83)) -> 0.00255 | S109: =IF(R109<0,-1*IF(ABS(R109)>$N$75,$M$75,$M$75*ABS(R109)/$N$75),IF(ABS(R109)>$N$75,$M$75,$M$75*ABS(R109)/$N$75)) -> 4200 | T109: =IF(R109<0,0,Q109*S109)/1000 -> 0 | U109: =IF(R109>0,0,Q109*S109)/1000 -> 0 | V109: =T109*P109/100 -> 0 | W109: =U109*P109/100 -> 0
...

Sheet R5
A1: Rotated Rectangle + Horizontal Cut (No VBA) | D1: 5 | E1: /20
A2: Cut position λ (0→y_min, 1→y_max) | B2: =D1/20 -> 0.25 | D2: β1= | E2: =check!G5 -> 0.85
A3: Input unit | B3: cm | D3: Output unit | E3: cm
A4: Width B (input unit) | B4: =check!C3 -> 50
A5: Deepth D (input unit) | B5: =check!C4 -> 40
A6: Rotate rectangle θ (deg, about origin) | B6: =90+check!C13 -> 90 | H6: cosθ | I6: sinθ
A7: Cut position 1-(1-λ)β1 | B7: =IF(B2=0,0,1-(1-B2)*E2) -> 0.3625 | D7: Keep side | E7: Above (y >= y_cut) | H7: =COS(RADIANS($B$6)) -> 6.1257423e-17 | I7: =SIN(RADIANS($B$6)) -> 1
A9: Unit scales (mm per unit)
A10: s_in | B10: =IF($B$3="mm",1,IF($B$3="cm",10,IF($B$3="m",1000,1))) -> 10
A11: s_out | B11: =IF($E$3="mm",1,IF($E$3="cm",10,IF($E$3="m",1000,1))) -> 10
A12: len_in_to_out | B12: =$B$10/$B$11 -> 1
A13: Rotated rectangle vertices (after rotation θ)
A14: Corner | B14: x0 | C14: y0 | D14: x_rot | E14: y_rot | F14: Inside?
A15: 1 | B15: =IF(A15=1,-$B$4/2,IF(A15=2,$B$4/2,IF(A15=3,$B$4/2,-$B$4/2))) -> -25 | C15: =IF(A15=1,$B$5/2,IF(A15=2,$B$5/2,IF(A15=3,-$B$5/2,-$B$5/2))) -> 20 | D15: =(B15)*$H$7 - (C15)*$I$7 -> -20 | E15: =(B15)*$I$7 + (C15)*$H$7 -> -25 | F15: =IF($E$7="Above (y >= y_cut)",E15>=$B$20,E15<=$B$20) -> FALSE
A16: 2 | B16: =IF(A16=1,-$B$4/2,IF(A16=2,$B$4/2,IF(A16=3,$B$4/2,-$B$4/2))) -> 25 | C16: =IF(A16=1,$B$5/2,IF(A16=2,$B$5/2,IF(A16=3,-$B$5/2,-$B$5/2))) -> 20 | D16: =(B16)*$H$7 - (C16)*$I$7 -> -20 | E16: =(B16)*$I$7 + (C16)*$H$7 -> 25 | F16: =IF($E$7="Above (y >= y_cut)",E16>=$B$20,E16<=$B$20) -> TRUE
A17: 3 | B17: =IF(A17=1,-$B$4/2,IF(A17=2,$B$4/2,IF(A17=3,$B$4/2,-$B$4/2))) -> 25 | C17: =IF(A17=1,$B$5/2,IF(A17=2,$B$5/2,IF(A17=3,-$B$5/2,-$B$5/2))) -> -20 | D17: =(B17)*$H$7 - (C17)*$I$7 -> 20 | E17: =(B17)*$I$7 + (C17)*$H$7 -> 25 | F17: =IF($E$7="Above (y >= y_cut)",E17>=$B$20,E17<=$B$20) -> TRUE
A18: 4 | B18: =IF(A18=1,-$B$4/2,IF(A18=2,$B$4/2,IF(A18=3,$B$4/2,-$B$4/2))) -> -25 | C18: =IF(A18=1,$B$5/2,IF(A18=2,$B$5/2,IF(A18=3,-$B$5/2,-$B$5/2))) -> -20 | D18: =(B18)*$H$7 - (C18)*$I$7 -> 20 | E18: =(B18)*$I$7 + (C18)*$H$7 -> -25 | F18: =IF($E$7="Above (y >= y_cut)",E18>=$B$20,E18<=$B$20) -> FALSE
G19: x | H19: y | I19: L
A20: y_cut (input unit) | B20: =$B$21 + $B$7*($D$21-$B$21) -> -6.875 | C20: y_cut (output unit) | D20: =$B$20*$B$12 -> -6.875 | E20: Nature ax= | F20: =$B$21 + $B$2*($D$21-$B$21) -> -12.5 | G20: =MIN(D15:D18) -> -20 | H20: =F20 -> -12.5 | I20: =D21-F20 -> 37.5
A21: y_min (input unit) | B21: =MIN($E$15:$E$18) -> -25 | C21: y_max (input unit) | D21: =MAX($E$15:$E$18) -> 25 | G21: =MAX(D15:D18) -> 20 | H21: =F20 -> -12.5
A23: Clipping edges (Sutherland–Hodgman for y >=/<= y_cut)
A24: Edge | B24: S idx | C24: E idx | D24: xS | E24: yS | F24: xE | G24: yE | H24: inS | I24: inE | J24: xInt | K24: nOut | L24: posStart | M24: xOut1 | N24: yOut1 | O24: xOut2 | P24: yOut2
A25: 1 | B25: 1 | C25: 2 | D25: =INDEX($D$15:$D$18,B25) -> -20 | E25: =INDEX($E$15:$E$18,B25) -> -25 | F25: =INDEX($D$15:$D$18,C25) -> -20 | G25: =INDEX($E$15:$E$18,C25) -> 25 | H25: =IF($E$7="Above (y >= y_cut)",E25>=$B$20,E25<=$B$20) -> FALSE | I25: =IF($E$7="Above (y >= y_cut)",G25>=$B$20,G25<=$B$20) -> TRUE | J25: =IF(H25<>I25,IF(G25=E25,"",D25 + ($B$20-E25)*(F25-D25)/(G25-E25)),"") -> -20 | K25: =IF(H25,1,IF(I25,2,0)) -> 2 | L25: 1 | M25: =IF(K25=0,"",IF(H25,IF(I25,F25,J25),J25)) -> -20 | N25: =IF(K25=0,"",IF(H25,IF(I25,G25,$B$20),$B$20)) -> -6.875 | O25: =IF(K25<2,"",F25) -> -20 | P25: =IF(K25<2,"",G25) -> 25
A26: 2 | B26: 2 | C26: 3 | D26: =INDEX($D$15:$D$18,B26) -> -20 | E26: =INDEX($E$15:$E$18,B26) -> 25 | F26: =INDEX($D$15:$D$18,C26) -> 20 | G26: =INDEX($E$15:$E$18,C26) -> 25 | H26: =IF($E$7="Above (y >= y_cut)",E26>=$B$20,E26<=$B$20) -> TRUE | I26: =IF($E$7="Above (y >= y_cut)",G26>=$B$20,G26<=$B$20) -> TRUE | J26: =IF(H26<>I26,IF(G26=E26,"",D26 + ($B$20-E26)*(F26-D26)/(G26-E26)),"") | K26: =IF(H26,1,IF(I26,2,0)) -> 1 | L26: =L25+K25 -> 3 | M26: =IF(K26=0,"",IF(H26,IF(I26,F26,J26),J26)) -> 20 | N26: =IF(K26=0,"",IF(H26,IF(I26,G26,$B$20),$B$20)) -> 25 | O26: =IF(K26<2,"",F26) | P26: =IF(K26<2,"",G26)
A27: 3 | B27: 3 | C27: 4 | D27: =INDEX($D$15:$D$18,B27) -> 20 | E27: =INDEX($E$15:$E$18,B27) -> 25 | F27: =INDEX($D$15:$D$18,C27) -> 20 | G27: =INDEX($E$15:$E$18,C27) -> -25 | H27: =IF($E$7="Above (y >= y_cut)",E27>=$B$20,E27<=$B$20) -> TRUE | I27: =IF($E$7="Above (y >= y_cut)",G27>=$B$20,G27<=$B$20) -> FALSE | J27: =IF(H27<>I27,IF(G27=E27,"",D27 + ($B$20-E27)*(F27-D27)/(G27-E27)),"") -> 20 | K27: =IF(H27,1,IF(I27,2,0)) -> 1 | L27: =L26+K26 -> 4 | M27: =IF(K27=0,"",IF(H27,IF(I27,F27,J27),J27)) -> 20 | N27: =IF(K27=0,"",IF(H27,IF(I27,G27,$B$20),$B$20)) -> -6.875 | O27: =IF(K27<2,"",F27) | P27: =IF(K27<2,"",G27)
A28: 4 | B28: 4 | C28: 1 | D28: =INDEX($D$15:$D$18,B28) -> 20 | E28: =INDEX($E$15:$E$18,B28) -> -25 | F28: =INDEX($D$15:$D$18,C28) -> -20 | G28: =INDEX($E$15:$E$18,C28) -> -25 | H28: =IF($E$7="Above (y >= y_cut)",E28>=$B$20,E28<=$B$20) -> FALSE | I28: =IF($E$7="Above (y >= y_cut)",G28>=$B$20,G28<=$B$20) -> FALSE | J28: =IF(H28<>I28,IF(G28=E28,"",D28 + ($B$20-E28)*(F28-D28)/(G28-E28)),"") | K28: =IF(H28,1,IF(I28,2,0)) -> 0 | L28: =L27+K27 -> 5 | M28: =IF(K28=0,"",IF(H28,IF(I28,F28,J28),J28)) | N28: =IF(K28=0,"",IF(H28,IF(I28,G28,$B$20),$B$20)) | O28: =IF(K28<2,"",F28) | P28: =IF(K28<2,"",G28)
A29: CLOSE | D29: =D25 -> -20 | E29: =E25 -> -25
A30: Total vertices N_out | B30: =SUM($K$25:$K$28) -> 4
A32: Clipped polygon vertices (in traversal order)
A33: k | B33: x_out (in) | C33: y_out (in) | D33: x_out (out) | E33: y_out (out) | F33: Δ | G33: x_term | H33: y_term
A34: 1 | B34: =IF($A34>$B$30,NA(),IF(K34=1,INDEX($M$25:$M$28,J34),INDEX($O$25:$O$28,J34))) -> -20 | C34: =IF($A34>$B$30,NA(),IF(K34=1,INDEX($N$25:$N$28,J34),INDEX($P$25:$P$28,J34))) -> -6.875 | D34: =IF(ISNA(B34),NA(),B34*$B$12) -> -20 | E34: =IF(ISNA(C34),NA(),C34*$B$12) -> -6.875 | F34: =IF($A34>$B$30,"",B34*M34-L34*C34) -> -637.5 | G34: =IF($A34>$B$30,"",(B34+L34)*F34) -> 25500 | H34: =IF($A34>$B$30,"",(C34+M34)*F34) -> -11554.688 | I34: =IF($A34>$B$30,"",LOOKUP($A34,$L$25:$L$28,$A$25:$A$28)) -> 1 | J34: =IF($A34>$B$30,"",MATCH(I34,$A$25:$A$28,0)) -> 1 | K34: =IF($A34>$B$30,"",$A34-INDEX($L$25:$L$28,J34)+1) -> 1 | L34: =IF($A34>$B$30,"",IF($A34<$B$30,B35,$B$34)) -> -20 | M34: =IF($A34>$B$30,"",IF($A34<$B$30,C35,$C$34)) -> 25
A35: 2 | B35: =IF($A35>$B$30,NA(),IF(K35=1,INDEX($M$25:$M$28,J35),INDEX($O$25:$O$28,J35))) -> -20 | C35: =IF($A35>$B$30,NA(),IF(K35=1,INDEX($N$25:$N$28,J35),INDEX($P$25:$P$28,J35))) -> 25 | D35: =IF(ISNA(B35),NA(),B35*$B$12) -> -20 | E35: =IF(ISNA(C35),NA(),C35*$B$12) -> 25 | F35: =IF($A35>$B$30,"",B35*M35-L35*C35) -> -1000 | G35: =IF($A35>$B$30,"",(B35+L35)*F35) -> 0 | H35: =IF($A35>$B$30,"",(C35+M35)*F35) -> -50000 | I35: =IF($A35>$B$30,"",LOOKUP($A35,$L$25:$L$28,$A$25:$A$28)) -> 1 | J35: =IF($A35>$B$30,"",MATCH(I35,$A$25:$A$28,0)) -> 1 | K35: =IF($A35>$B$30,"",$A35-INDEX($L$25:$L$28,J35)+1) -> 2 | L35: =IF($A35>$B$30,"",IF($A35<$B$30,B36,$B$34)) -> 20 | M35: =IF($A35>$B$30,"",IF($A35<$B$30,C36,$C$34)) -> 25
A36: 3 | B36: =IF($A36>$B$30,NA(),IF(K36=1,INDEX($M$25:$M$28,J36),INDEX($O$25:$O$28,J36))) -> 20 | C36: =IF($A36>$B$30,NA(),IF(K36=1,INDEX($N$25:$N$28,J36),INDEX($P$25:$P$28,J36))) -> 25 | D36: =IF(ISNA(B36),NA(),B36*$B$12) -> 20 | E36: =IF(ISNA(C36),NA(),C36*$B$12) -> 25 | F36: =IF($A36>$B$30,"",B36*M36-L36*C36) -> -637.5 | G36: =IF($A36>$B$30,"",(B36+L36)*F36) -> -25500 | H36: =IF($A36>$B$30,"",(C36+M36)*F36) -> -11554.688 | I36: =IF($A36>$B$30,"",LOOKUP($A36,$L$25:$L$28,$A$25:$A$28)) -> 2 | J36: =IF($A36>$B$30,"",MATCH(I36,$A$25:$A$28,0)) -> 2 | K36: =IF($A36>$B$30,"",$A36-INDEX($L$25:$L$28,J36)+1) -> 1 | L36: =IF($A36>$B$30,"",IF($A36<$B$30,B37,$B$34)) -> 20 | M36: =IF($A36>$B$30,"",IF($A36<$B$30,C37,$C$34)) -> -6.875
A37: 4 | B37: =IF($A37>$B$30,NA(),IF(K37=1,INDEX($M$25:$M$28,J37),INDEX($O$25:$O$28,J37))) -> 20 | C37: =IF($A37>$B$30,NA(),IF(K37=1,INDEX($N$25:$N$28,J37),INDEX($P$25:$P$28,J37))) -> -6.875 | D37: =IF(ISNA(B37),NA(),B37*$B$12) -> 20 | E37: =IF(ISNA(C37),NA(),C37*$B$12) -> -6.875 | F37: =IF($A37>$B$30,"",B37*M37-L37*C37) -> -275 | G37: =IF($A37>$B$30,"",(B37+L37)*F37) -> 0 | H37: =IF($A37>$B$30,"",(C37+M37)*F37) -> 3781.25 | I37: =IF($A37>$B$30,"",LOOKUP($A37,$L$25:$L$28,$A$25:$A$28)) -> 3 | J37: =IF($A37>$B$30,"",MATCH(I37,$A$25:$A$28,0)) -> 3 | K37: =IF($A37>$B$30,"",$A37-INDEX($L$25:$L$28,J37)+1) -> 1 | L37: =IF($A37>$B$30,"",IF($A37<$B$30,B38,$B$34)) -> -20 | M37: =IF($A37>$B$30,"",IF($A37<$B$30,C38,$C$34)) -> -6.875
A38: 5 | B38: =IF($A38>$B$30,NA(),IF(K38=1,INDEX($M$25:$M$28,J38),INDEX($O$25:$O$28,J38))) -> #N/A | C38: =IF($A38>$B$30,NA(),IF(K38=1,INDEX($N$25:$N$28,J38),INDEX($P$25:$P$28,J38))) -> #N/A | D38: =IF(ISNA(B38),NA(),B38*$B$12) -> #N/A | E38: =IF(ISNA(C38),NA(),C38*$B$12) -> #N/A | F38: =IF($A38>$B$30,"",B38*M38-L38*C38) | G38: =IF($A38>$B$30,"",(B38+L38)*F38) | H38: =IF($A38>$B$30,"",(C38+M38)*F38) | I38: =IF($A38>$B$30,"",LOOKUP($A38,$L$25:$L$28,$A$25:$A$28)) | J38: =IF($A38>$B$30,"",MATCH(I38,$A$25:$A$28,0)) | K38: =IF($A38>$B$30,"",$A38-INDEX($L$25:$L$28,J38)+1) | L38: =IF($A38>$B$30,"",IF($A38<$B$30,B39,$B$34)) | M38: =IF($A38>$B$30,"",IF($A38<$B$30,C39,$C$34))
A39: 6 | B39: =IF($A39>$B$30,NA(),IF(K39=1,INDEX($M$25:$M$28,J39),INDEX($O$25:$O$28,J39))) -> #N/A | C39: =IF($A39>$B$30,NA(),IF(K39=1,INDEX($N$25:$N$28,J39),INDEX($P$25:$P$28,J39))) -> #N/A | D39: =IF(ISNA(B39),NA(),B39*$B$12) -> #N/A | E39: =IF(ISNA(C39),NA(),C39*$B$12) -> #N/A | F39: =IF($A39>$B$30,"",B39*M39-L39*C39) | G39: =IF($A39>$B$30,"",(B39+L39)*F39) | H39: =IF($A39>$B$30,"",(C39+M39)*F39) | I39: =IF($A39>$B$30,"",LOOKUP($A39,$L$25:$L$28,$A$25:$A$28)) | J39: =IF($A39>$B$30,"",MATCH(I39,$A$25:$A$28,0)) | K39: =IF($A39>$B$30,"",$A39-INDEX($L$25:$L$28,J39)+1) | L39: =IF($A39>$B$30,"",IF($A39<$B$30,B40,$B$34)) | M39: =IF($A39>$B$30,"",IF($A39<$B$30,C40,$C$34))
A40: 7 | B40: =IF($A40>$B$30,NA(),IF(K40=1,INDEX($M$25:$M$28,J40),INDEX($O$25:$O$28,J40))) -> #N/A | C40: =IF($A40>$B$30,NA(),IF(K40=1,INDEX($N$25:$N$28,J40),INDEX($P$25:$P$28,J40))) -> #N/A | D40: =IF(ISNA(B40),NA(),B40*$B$12) -> #N/A | E40: =IF(ISNA(C40),NA(),C40*$B$12) -> #N/A | F40: =IF($A40>$B$30,"",B40*M40-L40*C40) | G40: =IF($A40>$B$30,"",(B40+L40)*F40) | H40: =IF($A40>$B$30,"",(C40+M40)*F40) | I40: =IF($A40>$B$30,"",LOOKUP($A40,$L$25:$L$28,$A$25:$A$28)) | J40: =IF($A40>$B$30,"",MATCH(I40,$A$25:$A$28,0)) | K40: =IF($A40>$B$30,"",$A40-INDEX($L$25:$L$28,J40)+1) | L40: =IF($A40>$B$30,"",IF($A40<$B$30,B41,$B$34)) | M40: =IF($A40>$B$30,"",IF($A40<$B$30,C41,$C$34))
A41: 8 | B41: =IF($A41>$B$30,NA(),IF(K41=1,INDEX($M$25:$M$28,J41),INDEX($O$25:$O$28,J41))) -> #N/A | C41: =IF($A41>$B$30,NA(),IF(K41=1,INDEX($N$25:$N$28,J41),INDEX($P$25:$P$28,J41))) -> #N/A | D41: =IF(ISNA(B41),NA(),B41*$B$12) -> #N/A | E41: =IF(ISNA(C41),NA(),C41*$B$12) -> #N/A | F41: =IF($A41>$B$30,"",B41*M41-L41*C41) | G41: =IF($A41>$B$30,"",(B41+L41)*F41) | H41: =IF($A41>$B$30,"",(C41+M41)*F41) | I41: =IF($A41>$B$30,"",LOOKUP($A41,$L$25:$L$28,$A$25:$A$28)) | J41: =IF($A41>$B$30,"",MATCH(I41,$A$25:$A$28,0)) | K41: =IF($A41>$B$30,"",$A41-INDEX($L$25:$L$28,J41)+1) | L41: =IF($A41>$B$30,"",IF($A41<$B$30,B42,$B$34)) | M41: =IF($A41>$B$30,"",IF($A41<$B$30,C42,$C$34))
A42: close | B42: =IF($B$30<1,NA(),B34) -> -20 | C42: =IF($B$30<1,NA(),C34) -> -6.875 | D42: =IF($B$30<1,NA(),D34) -> -20 | E42: =IF($B$30<1,NA(),E34) -> -6.875
A44: Results
A45: Signed area A_s (in^2) | B45: =0.5*SUM(F34:F41) -> -1275 | C45: =E$3&"^2" -> cm^2
A46: Area A (out^2) | B46: =ABS(B45)*($B$12^2) -> 1275 | C46: =E$3&"^2" -> cm^2
A47: Centroid x̄ (out) | B47: =IFERROR((SUM(G34:G41)/(6*B45))*$B$12,"") -> 0 | C47: =E$3 -> cm
A48: Centroid ȳ (out) | B48: =IFERROR((SUM(H34:H41)/(6*B45))*$B$12,"") -> 9.0625 | C48: =E$3 -> cm
F49: Plot helpers
F50: x_min | G50: =_xlfn.AGGREGATE(15,6,$D$34:$D$41,1) -> -20
F51: x_max | G51: =_xlfn.AGGREGATE(14,6,$D$34:$D$41,1) -> 20
F52: y_min | G52: =_xlfn.AGGREGATE(15,6,$E$34:$E$41,1) -> -6.875
F53: y_max | G53: =_xlfn.AGGREGATE(14,6,$E$34:$E$41,1) -> 25
F54: midx | G54: =(G50+G51)/2 -> 0
F55: midy | G55: =(G52+G53)/2 -> 9.0625
F56: span | G56: =MAX(G51-G50,G53-G52)*1.1 -> 44
F58: Bounds points (invisible)
F59: x_b | G59: y_b
F60: =G54-G56/2 -> -22 | G60: =G55-G56/2 -> -12.9375
F61: =G54+G56/2 -> 22 | G61: =G55+G56/2 -> 31.0625
F63: Cut line
F64: x_cut | G64: y_cut
F65: =F60 -> -22 | G65: =$D$20 -> -6.875
F66: =F61 -> 22 | G66: =$D$20 -> -6.875
F68: Centroid
F69: x_cg | G69: y_cg
F70: =$B$47 -> 0 | G70: =$B$48 -> 9.0625
A72: RC 計算 | B72: P0=0.85fc*Ac | M72: 鋼筋計算
B73: Pc=0.85f'c×Ac | M73: fy | N73: εty | O73: E | P73: εy | Q73: εmax
B74: Mc=Pc×dc | M74: kgf/cm^2 | O74: kgf/cm^2
M75: =check!C10 -> 4200 | N75: =M75/O75 -> 0.0020588235 | O75: 2040000 | P75: =MIN(R80:R479) -> -0.00052 | Q75: =check!G85 -> 0
L77: 扣孔 | P77: Ymin | T77: tf | U77: tf | V77: tf-m | W77: tf-m
J78: =N75+C83 -> 0.0050588235 | L78: =SUM(L80:L479) -> 22.8 | P78: =MIN(P80:P479) -> -19 | S78: sum | T78: =SUM(T80:T479) -> 71.136 | U78: =SUM(U80:U479) -> -12.09312 | V78: =SUM(V80:V479) -> 9.8434592 | W78: =SUM(W80:W479) -> 2.2976928
M79: no | N79: θ | O79: X | P79: Y | Q79: As | R79: εty | S79: fy | T79: Ps | U79: Ts | V79: Psd | W79: Tsd
L80: =IF(Q80=0,0,IF(P80>$B$20,Q80,0)) -> 2.85 | M80: 1 | N80: =bar!B74 -> 12 | O80: =bar!E3 -> -14 | P80: =bar!F3 -> 19 | Q80: =bar!H3 -> 2.85 | R80: =IF($B$2=1,-0.006,IF($D$83=0,$C$83,(P80-$E$83)*$D$83)) -> 0.00252 | S80: =IF(R80<0,-1*IF(ABS(R80)>$N$75,$M$75,$M$75*ABS(R80)/$N$75),IF(ABS(R80)>$N$75,$M$75,$M$75*ABS(R80)/$N$75)) -> 4200 | T80: =IF(R80<0,0,Q80*S80)/1000 -> 11.97 | U80: =IF(R80>0,0,Q80*S80)/1000 -> 0 | V80: =T80*P80/100 -> 2.2743 | W80: =U80*P80/100 -> 0
B81: fc | C81: εc | D81: m | E81: 中性軸對應座標 | F81: 等值應力塊對應座標 | G81: 螺箍1橫箍2 | H81: a1 | I81: a2 | J81: 最外緣鋼筋 | K81: ψ | L81: =IF(Q81=0,0,IF(P81>$B$20,Q81,0)) -> 2.85 | M81: 2 | N81: =bar!B75 -> 13 | O81: =bar!E4 -> -14 | P81: =bar!F4 -> 6.3333333 | Q81: =bar!H4 -> 2.85 | R81: =IF($B$2=1,-0.006,IF($D$83=0,$C$83,(P81-$E$83)*$D$83)) -> 0.0015066667 | S81: =IF(R81<0,-1*IF(ABS(R81)>$N$75,$M$75,$M$75*ABS(R81)/$N$75),IF(ABS(R81)>$N$75,$M$75,$M$75*ABS(R81)/$N$75)) -> 3073.6 | T81: =IF(R81<0,0,Q81*S81)/1000 -> 8.75976 | U81: =IF(R81>0,0,Q81*S81)/1000 -> 0 | V81: =T81*P81/100 -> 0.5547848 | W81: =U81*P81/100 -> 0
B82: kgf/cm^2 | D82: εc/x | J82: ε | L82: =IF(Q82=0,0,IF(P82>$B$20,Q82,0)) -> 2.85 | M82: 3 | N82: =bar!B76 -> 14 | O82: =bar!E5 -> -14 | P82: =bar!F5 -> -6.3333333 | Q82: =bar!H5 -> 2.85 | R82: =IF($B$2=1,-0.006,IF($D$83=0,$C$83,(P82-$E$83)*$D$83)) -> 0.00049333333 | S82: =IF(R82<0,-1*IF(ABS(R82)>$N$75,$M$75,$M$75*ABS(R82)/$N$75),IF(ABS(R82)>$N$75,$M$75,$M$75*ABS(R82)/$N$75)) -> 1006.4 | T82: =IF(R82<0,0,Q82*S82)/1000 -> 2.86824 | U82: =IF(R82>0,0,Q82*S82)/1000 -> 0 | V82: =T82*P82/100 -> -0.1816552 | W82: =U82*P82/100 -> 0
B83: =check!C5 -> 280 | C83: =check!G15 -> 0.003 | D83: =IF(I20=(D21-B21),0,C83/I20) -> 8e-05 | E83: =F20 -> -12.5 | F83: =B87/2-F87 -> 0 | G83: 2 | H83: =IF(G83=1,0.7,0.65) -> 0.65 | I83: =IF(G83=1,0.9-0.75,0.9-0.65) -> 0.25 | J83: =-1*P75 -> 0.00052 | K83: =IF(J83<N75,H83,IF(J83<(N75+C83),H83+(J83-N75)*I83/C83,0.9)) -> 0.65 | L83: =IF(Q83=0,0,IF(P83>$B$20,Q83,0)) -> 0 | M83: 4 | N83: =bar!B77 -> 15 | O83: =bar!E6 -> -14 | P83: =bar!F6 -> -19 | Q83: =bar!H6 -> 2.85 | R83: =IF($B$2=1,-0.006,IF($D$83=0,$C$83,(P83-$E$83)*$D$83)) -> -0.00052 | S83: =IF(R83<0,-1*IF(ABS(R83)>$N$75,$M$75,$M$75*ABS(R83)/$N$75),IF(ABS(R83)>$N$75,$M$75,$M$75*ABS(R83)/$N$75)) -> -1060.8 | T83: =IF(R83<0,0,Q83*S83)/1000 -> 0 | U83: =IF(R83>0,0,Q83*S83)/1000 -> -3.02328 | V83: =T83*P83/100 -> 0 | W83: =U83*P83/100 -> 0.5744232
L84: =IF(Q84=0,0,IF(P84>$B$20,Q84,0)) -> 0 | M84: 5 | N84: =bar!B78 -> 16 | O84: =bar!E7 -> -14 | P84: =bar!F7 -> 19 | Q84: =bar!H7 -> 0 | R84: =IF($B$2=1,-0.006,IF($D$83=0,$C$83,(P84-$E$83)*$D$83)) -> 0.00252 | S84: =IF(R84<0,-1*IF(ABS(R84)>$N$75,$M$75,$M$75*ABS(R84)/$N$75),IF(ABS(R84)>$N$75,$M$75,$M$75*ABS(R84)/$N$75)) -> 4200 | T84: =IF(R84<0,0,Q84*S84)/1000 -> 0 | U84: =IF(R84>0,0,Q84*S84)/1000 -> 0 | V84: =T84*P84/100 -> 0 | W84: =U84*P84/100 -> 0
B85: D | C85: B | D85: x | E85: β1 | F85: β1*x | G85: a | H85: θ | I85: Ac | J85: e1 | K85: dc=D/2-e1 | L85: =IF(Q85=0,0,IF(P85>$B$20,Q85,0)) -> 0 | M85: 6 | N85: =bar!B79 -> 17 | O85: =bar!E8 -> -14 | P85: =bar!F8 -> 19 | Q85: =bar!H8 -> 0 | R85: =IF($B$2=1,-0.006,IF($D$83=0,$C$83,(P85-$E$83)*$D$83)) -> 0.00252 | S85: =IF(R85<0,-1*IF(ABS(R85)>$N$75,$M$75,$M$75*ABS(R85)/$N$75),IF(ABS(R85)>$N$75,$M$75,$M$75*ABS(R85)/$N$75)) -> 4200 | T85: =IF(R85<0,0,Q85*S85)/1000 -> 0 | U85: =IF(R85>0,0,Q85*S85)/1000 -> 0 | V85: =T85*P85/100 -> 0 | W85: =U85*P85/100 -> 0
B86: cm | C86: cm | D86: cm | F86: cm | G86: cm | I86: cm^2 | J86: cm | K86: cm | L86: =IF(Q86=0,0,IF(P86>$B$20,Q86,0)) -> 0 | M86: 7 | N86: =bar!B80 -> 18 | O86: =bar!E9 -> -14 | P86: =bar!F9 -> 19 | Q86: =bar!H9 -> 0 | R86: =IF($B$2=1,-0.006,IF($D$83=0,$C$83,(P86-$E$83)*$D$83)) -> 0.00252 | S86: =IF(R86<0,-1*IF(ABS(R86)>$N$75,$M$75,$M$75*ABS(R86)/$N$75),IF(ABS(R86)>$N$75,$M$75,$M$75*ABS(R86)/$N$75)) -> 4200 | T86: =IF(R86<0,0,Q86*S86)/1000 -> 0 | U86: =IF(R86>0,0,Q86*S86)/1000 -> 0 | V86: =T86*P86/100 -> 0 | W86: =U86*P86/100 -> 0
B87: =check!C76 -> 0 | C87: =check!$C$3 -> 50 | D87: =B87-A97/20*B87 -> 0 | E87: =IF(D87=B87,1,check!G77) -> 1 | F87: =E87*D87 -> 0 | G87: =C87-F87 -> 50 | H87: =DEGREES(ACOS(G87/C87))*2 -> 0 | I87: =B46-L78 -> 1252.2 | J87: =G70 -> 9.0625 | K87: =G70 -> 9.0625 | L87: =IF(Q87=0,0,IF(P87>$B$20,Q87,0)) -> 0 | M87: 8 | N87: =bar!B81 -> 19 | O87: =bar!E10 -> -14 | P87: =bar!F10 -> 19 | Q87: =bar!H10 -> 0 | R87: =IF($B$2=1,-0.006,IF($D$83=0,$C$83,(P87-$E$83)*$D$83)) -> 0.00252 | S87: =IF(R87<0,-1*IF(ABS(R87)>$N$75,$M$75,$M$75*ABS(R87)/$N$75),IF(ABS(R87)>$N$75,$M$75,$M$75*ABS(R87)/$N$75)) -> 4200 | T87: =IF(R87<0,0,Q87*S87)/1000 -> 0 | U87: =IF(R87>0,0,Q87*S87)/1000 -> 0 | V87: =T87*P87/100 -> 0 | W87: =U87*P87/100 -> 0
L88: =IF(Q88=0,0,IF(P88>$B$20,Q88,0)) -> 0 | M88: 9 | N88: =bar!B82 -> 20 | O88: =bar!E11 -> -14 | P88: =bar!F11 -> 19 | Q88: =bar!H11 -> 0 | R88: =IF($B$2=1,-0.006,IF($D$83=0,$C$83,(P88-$E$83)*$D$83)) -> 0.00252 | S88: =IF(R88<0,-1*IF(ABS(R88)>$N$75,$M$75,$M$75*ABS(R88)/$N$75),IF(ABS(R88)>$N$75,$M$75,$M$75*ABS(R88)/$N$75)) -> 4200 | T88: =IF(R88<0,0,Q88*S88)/1000 -> 0 | U88: =IF(R88>0,0,Q88*S88)/1000 -> 0 | V88: =T88*P88/100 -> 0 | W88: =U88*P88/100 -> 0
B89: Pc | C89: Mc | L89: =IF(Q89=0,0,IF(P89>$B$20,Q89,0)) -> 0 | M89: 10 | N89: =bar!B83 -> 1 | O89: =bar!E12 -> -14 | P89: =bar!F12 -> 19 | Q89: =bar!H12 -> 0 | R89: =IF($B$2=1,-0.006,IF($D$83=0,$C$83,(P89-$E$83)*$D$83)) -> 0.00252 | S89: =IF(R89<0,-1*IF(ABS(R89)>$N$75,$M$75,$M$75*ABS(R89)/$N$75),IF(ABS(R89)>$N$75,$M$75,$M$75*ABS(R89)/$N$75)) -> 4200 | T89: =IF(R89<0,0,Q89*S89)/1000 -> 0 | U89: =IF(R89>0,0,Q89*S89)/1000 -> 0 | V89: =T89*P89/100 -> 0 | W89: =U89*P89/100 -> 0
B90: tf | C90: tf-m | L90: =IF(Q90=0,0,IF(P90>$B$20,Q90,0)) -> 0 | M90: 11 | N90: =bar!B84 -> 2 | O90: =bar!E13 -> -14 | P90: =bar!F13 -> 19 | Q90: =bar!H13 -> 0 | R90: =IF($B$2=1,-0.006,IF($D$83=0,$C$83,(P90-$E$83)*$D$83)) -> 0.00252 | S90: =IF(R90<0,-1*IF(ABS(R90)>$N$75,$M$75,$M$75*ABS(R90)/$N$75),IF(ABS(R90)>$N$75,$M$75,$M$75*ABS(R90)/$N$75)) -> 4200 | T90: =IF(R90<0,0,Q90*S90)/1000 -> 0 | U90: =IF(R90>0,0,Q90*S90)/1000 -> 0 | V90: =T90*P90/100 -> 0 | W90: =U90*P90/100 -> 0
B91: =0.85*B83*I87/1000 -> 298.0236 | C91: =IFERROR(B91*K87/100,0) -> 27.008389 | L91: =IF(Q91=0,0,IF(P91>$B$20,Q91,0)) -> 0 | M91: 12 | N91: =bar!B85 -> 3 | O91: =bar!E14 -> -14 | P91: =bar!F14 -> 19 | Q91: =bar!H14 -> 0 | R91: =IF($B$2=1,-0.006,IF($D$83=0,$C$83,(P91-$E$83)*$D$83)) -> 0.00252 | S91: =IF(R91<0,-1*IF(ABS(R91)>$N$75,$M$75,$M$75*ABS(R91)/$N$75),IF(ABS(R91)>$N$75,$M$75,$M$75*ABS(R91)/$N$75)) -> 4200 | T91: =IF(R91<0,0,Q91*S91)/1000 -> 0 | U91: =IF(R91>0,0,Q91*S91)/1000 -> 0 | V91: =T91*P91/100 -> 0 | W91: =U91*P91/100 -> 0
L92: =IF(Q92=0,0,IF(P92>$B$20,Q92,0)) -> 0 | M92: 13 | N92: =bar!B86 -> 4 | O92: =bar!E15 -> -14 | P92: =bar!F15 -> 19 | Q92: =bar!H15 -> 0 | R92: =IF($B$2=1,-0.006,IF($D$83=0,$C$83,(P92-$E$83)*$D$83)) -> 0.00252 | S92: =IF(R92<0,-1*IF(ABS(R92)>$N$75,$M$75,$M$75*ABS(R92)/$N$75),IF(ABS(R92)>$N$75,$M$75,$M$75*ABS(R92)/$N$75)) -> 4200 | T92: =IF(R92<0,0,Q92*S92)/1000 -> 0 | U92: =IF(R92>0,0,Q92*S92)/1000 -> 0 | V92: =T92*P92/100 -> 0 | W92: =U92*P92/100 -> 0
L93: =IF(Q93=0,0,IF(P93>$B$20,Q93,0)) -> 0 | M93: 14 | N93: =bar!B87 -> 5 | O93: =bar!E16 -> -14 | P93: =bar!F16 -> 19 | Q93: =bar!H16 -> 0 | R93: =IF($B$2=1,-0.006,IF($D$83=0,$C$83,(P93-$E$83)*$D$83)) -> 0.00252 | S93: =IF(R93<0,-1*IF(ABS(R93)>$N$75,$M$75,$M$75*ABS(R93)/$N$75),IF(ABS(R93)>$N$75,$M$75,$M$75*ABS(R93)/$N$75)) -> 4200 | T93: =IF(R93<0,0,Q93*S93)/1000 -> 0 | U93: =IF(R93>0,0,Q93*S93)/1000 -> 0 | V93: =T93*P93/100 -> 0 | W93: =U93*P93/100 -> 0
B94: 總應力計算 | L94: =IF(Q94=0,0,IF(P94>$B$20,Q94,0)) -> 0 | M94: 15 | N94: =bar!B88 -> 6 | O94: =bar!E17 -> -14 | P94: =bar!F17 -> 19 | Q94: =bar!H17 -> 0 | R94: =IF($B$2=1,-0.006,IF($D$83=0,$C$83,(P94-$E$83)*$D$83)) -> 0.00252 | S94: =IF(R94<0,-1*IF(ABS(R94)>$N$75,$M$75,$M$75*ABS(R94)/$N$75),IF(ABS(R94)>$N$75,$M$75,$M$75*ABS(R94)/$N$75)) -> 4200 | T94: =IF(R94<0,0,Q94*S94)/1000 -> 0 | U94: =IF(R94>0,0,Q94*S94)/1000 -> 0 | V94: =T94*P94/100 -> 0 | W94: =U94*P94/100 -> 0
B95: Mn | C95: Pn | D95: ψ | L95: =IF(Q95=0,0,IF(P95>$B$20,Q95,0)) -> 0 | M95: 16 | N95: =bar!B89 -> 7 | O95: =bar!E18 -> -14 | P95: =bar!F18 -> 19 | Q95: =bar!H18 -> 0 | R95: =IF($B$2=1,-0.006,IF($D$83=0,$C$83,(P95-$E$83)*$D$83)) -> 0.00252 | S95: =IF(R95<0,-1*IF(ABS(R95)>$N$75,$M$75,$M$75*ABS(R95)/$N$75),IF(ABS(R95)>$N$75,$M$75,$M$75*ABS(R95)/$N$75)) -> 4200 | T95: =IF(R95<0,0,Q95*S95)/1000 -> 0 | U95: =IF(R95>0,0,Q95*S95)/1000 -> 0 | V95: =T95*P95/100 -> 0 | W95: =U95*P95/100 -> 0
